race_id,race_title,race_date,着順,馬番,馬名,コーナー通過順,上がり3F,単勝オッズ,複勝配当,条件1,条件2,仮説フラグ
202605010101,3歳未勝利,2026/01/31,1,2,マカイゾウ,1-1,37.7,6.3,170,False,False,False
202605010101,3歳未勝利,2026/01/31,2,10,クアロアランチ,2-2,37.5,4.5,190,False,False,False
202605010101,3歳未勝利,2026/01/31,3,9,ヨルヴィック,4-4,37.6,4.0,160,False,False,False
202605010101,3歳未勝利,2026/01/31,4,8,メビウスロマンス,2-2,38.2,2.3,0,True,True,True
202605010101,3歳未勝利,2026/01/31,5,11,ジェイドテソーロ,7-7,37.2,200.7,0,False,False,False
202605010101,3歳未勝利,2026/01/31,6,12,ラヴィングリー,7-8,37.7,204.1,0,True,False,False
202605010101,3歳未勝利,2026/01/31,7,1,ニシノゲッパク,9-9,37.8,77.2,0,False,False,False
202605010101,3歳未勝利,2026/01/31,8,15,レースクイーン,4-5,38.8,78.1,0,True,False,False
202605010101,3歳未勝利,2026/01/31,9,4,ギンケイ,14-13,36.9,30.3,0,False,False,False
202605010101,3歳未勝利,2026/01/31,10,3,ドルマバフチェ,6-6,38.9,15.2,0,True,False,False
202605010101,3歳未勝利,2026/01/31,11,5,アンチェーン,16-15,37.5,29.1,0,True,False,False
202605010101,3歳未勝利,2026/01/31,12,13,アサクサダイアナ,13-13,38.0,102.2,0,False,False,False
202605010101,3歳未勝利,2026/01/31,13,7,アルマサーガ,11-11,38.7,346.5,0,True,False,False
202605010101,3歳未勝利,2026/01/31,14,6,アイアンロッキー,12-12,39.2,444.0,0,False,False,False
202605010101,3歳未勝利,2026/01/31,15,16,オルナータス,10-10,39.7,356.0,0,False,False,False
202605010101,3歳未勝利,2026/01/31,16,14,クラックアスマイル,14-16,38.4,190.9,0,False,False,False
202605010102,4歳以上1勝クラス,2026/01/31,1,16,ダブルメッセージ,1-1-1-1,38.4,29.9,960,True,False,False
202605010102,4歳以上1勝クラス,2026/01/31,2,3,ディズレーリ,11-11-11-12,37.3,26.9,590,False,True,False
202605010102,4歳以上1勝クラス,2026/01/31,3,7,オウケンシルヴァー,6-6-7-6,37.9,4.3,180,True,False,False
202605010102,4歳以上1勝クラス,2026/01/31,4,5,スマートクオーレ,8-8-11-10,37.8,8.6,0,False,True,False
202605010102,4歳以上1勝クラス,2026/01/31,5,4,ロードインフェルノ,14-14-14-12,38.1,143.5,0,False,False,False
202605010102,4歳以上1勝クラス,2026/01/31,6,9,カサビセンス,11-11-11-12,38.5,49.5,0,False,True,False
202605010102,4歳以上1勝クラス,2026/01/31,7,8,セージグリーン,14-14-7-6,39.0,169.2,0,True,False,False
202605010102,4歳以上1勝クラス,2026/01/31,8,6,カイトヴィント,11-11-14-16,38.2,114.5,0,True,False,False
202605010102,4歳以上1勝クラス,2026/01/31,9,14,ラントレイル,2-2-2-2,40.1,9.7,0,True,False,False
202605010102,4歳以上1勝クラス,2026/01/31,10,15,ナムラジミー,16-14-14-15,38.6,15.5,0,False,True,False
202605010102,4歳以上1勝クラス,2026/01/31,11,10,カスバートテソーロ,8-8-9-10,39.1,16.1,0,False,False,False
202605010102,4歳以上1勝クラス,2026/01/31,12,1,アリステア,3-3-3-3,40.0,42.1,0,True,False,False
202605010102,4歳以上1勝クラス,2026/01/31,13,2,ヴェラグエリエロ,3-3-3-3,40.1,14.6,0,False,False,False
202605010102,4歳以上1勝クラス,2026/01/31,14,12,マウントバーノン,6-6-6-6,39.7,17.9,0,True,False,False
202605010102,4歳以上1勝クラス,2026/01/31,15,11,カージオイド,5-5-5-3,40.1,2.8,0,True,False,False
202605010102,4歳以上1勝クラス,2026/01/31,16,13,ヴァズレーヌ,8-8-9-9,39.7,16.6,0,False,False,False
202605010103,3歳未勝利,2026/01/31,1,2,タイキブリッツェン,1-1,37.2,5.2,170,False,False,False
202605010103,3歳未勝利,2026/01/31,2,11,スティールヴォーグ,2-2,37.4,25.8,440,False,False,False
202605010103,3歳未勝利,2026/01/31,3,7,ミスターキャンベラ,5-5,37.5,1.9,110,False,False,False
202605010103,3歳未勝利,2026/01/31,4,12,ライカ,7-7,37.6,26.0,0,True,False,False
202605010103,3歳未勝利,2026/01/31,5,13,フォルナカリア,3-3,38.0,7.0,0,False,False,False
202605010103,3歳未勝利,2026/01/31,6,1,アラクラン,5-3,38.1,15.1,0,False,False,False
202605010103,3歳未勝利,2026/01/31,7,4,ネイティヴプライド,7-7,37.9,43.2,0,True,False,False
202605010103,3歳未勝利,2026/01/31,8,3,キセログラフィカ,9-7,37.9,5.5,0,True,True,True
202605010103,3歳未勝利,2026/01/31,9,14,カミノテイオー,10-10,37.9,481.1,0,True,False,False
202605010103,3歳未勝利,2026/01/31,10,9,アイアムアッパレ,10-10,37.9,136.2,0,False,False,False
202605010103,3歳未勝利,2026/01/31,11,5,ヴェントベローチェ,12-13,37.7,60.6,0,False,False,False
202605010103,3歳未勝利,2026/01/31,12,15,ブレイブシュガー,14-15,37.7,354.3,0,True,False,False
202605010103,3歳未勝利,2026/01/31,13,8,グスク,12-10,38.2,126.4,0,False,False,False
202605010103,3歳未勝利,2026/01/31,14,6,ティラーノ,4-5,38.9,57.7,0,True,False,False
202605010103,3歳未勝利,2026/01/31,15,10,ケンブリッジルプス,14-13,38.3,685.1,0,False,True,False
202605010104,3歳新馬,2026/01/31,1,11,ユキノグラス,1-1,37.4,17.8,240,False,False,False
202605010104,3歳新馬,2026/01/31,2,10,デスサイズ,2-2,37.7,4.4,140,False,False,False
202605010104,3歳新馬,2026/01/31,3,1,アトミックブレス,4-4,37.9,2.2,130,False,False,False
202605010104,3歳新馬,2026/01/31,4,5,アリハム,9-9,37.1,3.0,0,False,False,False
202605010104,3歳新馬,2026/01/31,5,13,イアソンテソーロ,4-4,38.1,22.7,0,False,False,False
202605010104,3歳新馬,2026/01/31,6,4,ミツカネルナ,10-9,37.3,98.3,0,False,False,False
202605010104,3歳新馬,2026/01/31,7,12,ヴェロシスタ,2-2,38.7,33.2,0,False,False,False
202605010104,3歳新馬,2026/01/31,8,14,ガビーズメロディ,10-11,37.3,38.7,0,False,False,False
202605010104,3歳新馬,2026/01/31,9,16,ジーティーヒラリ,10-13,36.9,174.6,0,False,False,False
202605010104,3歳新馬,2026/01/31,10,3,イゲマジャ,13-13,37.1,176.4,0,False,False,False
202605010104,3歳新馬,2026/01/31,11,15,ヤマトスイフト,4-4,38.7,51.9,0,False,False,False
202605010104,3歳新馬,2026/01/31,12,2,マイラバーズ,7-7,38.3,58.5,0,False,False,False
202605010104,3歳新馬,2026/01/31,13,8,イッツオンリーラブ,13-11,37.7,161.7,0,False,False,False
202605010104,3歳新馬,2026/01/31,14,7,ルスト,7-7,39.3,113.4,0,False,False,False
202605010104,3歳新馬,2026/01/31,15,9,ジーティーミュウ,15-13,39.4,234.5,0,False,False,False
202605010104,3歳新馬,2026/01/31,16,6,カワイクテゴメン,16-16,37.6,27.3,0,False,False,False
202605010105,3歳新馬,2026/01/31,1,3,リッツパーティー,2-1-1,33.6,20.5,420,False,False,False
202605010105,3歳新馬,2026/01/31,2,7,ウイルソン,3-3-3,33.7,3.8,160,False,False,False
202605010105,3歳新馬,2026/01/31,3,4,スワーヴマルス,6-3-5,33.6,19.2,400,False,False,False
202605010105,3歳新馬,2026/01/31,4,6,シェリーシュシュ,11-12-12,33.4,25.5,0,False,False,False
202605010105,3歳新馬,2026/01/31,5,8,マーゴットドライ,9-6-6,33.8,11.9,0,False,False,False
202605010105,3歳新馬,2026/01/31,6,9,アデルバローズ,11-8-8,33.7,209.0,0,False,False,False
202605010105,3歳新馬,2026/01/31,7,11,ティフェルテ,16-14-13,33.3,119.0,0,False,False,False
202605010105,3歳新馬,2026/01/31,8,5,ダイヤモンドパレス,3-2-2,34.2,14.0,0,False,False,False
202605010105,3歳新馬,2026/01/31,9,15,コンティ,9-10-10,33.7,1.8,0,False,False,False
202605010105,3歳新馬,2026/01/31,10,1,アビヤント,1-3-3,34.2,56.4,0,False,False,False
202605010105,3歳新馬,2026/01/31,11,10,ドナディクオーレ,3-6-6,34.4,52.6,0,False,False,False
202605010105,3歳新馬,2026/01/31,12,12,ダイナマイトメロン,15-16-16,33.5,180.8,0,False,False,False
202605010105,3歳新馬,2026/01/31,13,16,アマンヘセル,13-12-10,34.2,15.3,0,False,False,False
202605010105,3歳新馬,2026/01/31,14,13,マスアンジュ,13-14-14,34.0,117.6,0,False,False,False
202605010105,3歳新馬,2026/01/31,15,2,プリヴィマーク,6-8-8,34.6,79.3,0,False,False,False
202605010105,3歳新馬,2026/01/31,16,14,クイーンザノリピー,6-10-14,36.9,41.1,0,False,False,False
202605010106,3歳未勝利,2026/01/31,1,9,リアライズリバティ,2-2,34.4,16.6,230,False,False,False
202605010106,3歳未勝利,2026/01/31,2,11,ペルウィクトール,1-1,35.2,1.4,110,False,True,False
202605010106,3歳未勝利,2026/01/31,3,2,トランスマーレ,10-10,34.2,12.1,230,False,True,False
202605010106,3歳未勝利,2026/01/31,4,13,ベアサナエチャン,5-5,34.7,10.4,0,True,False,False
202605010106,3歳未勝利,2026/01/31,5,4,タッカーヴァンバン,3-4,35.1,54.8,0,False,True,False
202605010106,3歳未勝利,2026/01/31,6,7,ジーティートゥーリ,7-6,34.8,289.5,0,True,False,False
202605010106,3歳未勝利,2026/01/31,7,15,モントーヤ,7-6,34.9,162.0,0,False,False,False
202605010106,3歳未勝利,2026/01/31,8,8,ダイユウヴェンティ,10-10,34.7,27.8,0,False,False,False
202605010106,3歳未勝利,2026/01/31,9,6,ウインドオブヘヴン,5-6,35.0,41.5,0,False,False,False
202605010106,3歳未勝利,2026/01/31,10,12,ワイルドミュール,12-10,35.5,17.7,0,False,False,False
202605010106,3歳未勝利,2026/01/31,11,16,マジックオーラ,12-10,35.9,383.8,0,True,False,False
202605010106,3歳未勝利,2026/01/31,12,10,ミスティユニバンス,3-3,36.9,6.4,0,False,False,False
202605010106,3歳未勝利,2026/01/31,13,3,モンサンドール,12-14,36.5,229.1,0,False,False,False
202605010106,3歳未勝利,2026/01/31,14,1,リッチリーエコー,15-15,36.5,539.1,0,False,False,False
202605010106,3歳未勝利,2026/01/31,15,5,キタノインテロ,16-16,35.7,255.6,0,False,False,False
202605010106,3歳未勝利,2026/01/31,16,14,アビエーション,7-9,37.8,600.8,0,False,False,False
202605010107,3歳1勝クラス,2026/01/31,1,10,リベッチオ,1-1,36.9,4.5,220,False,True,False
202605010107,3歳1勝クラス,2026/01/31,2,8,ビービークローサー,7-7,36.4,10.1,370,False,True,False
202605010107,3歳1勝クラス,2026/01/31,3,14,ヴォーカライズ,2-2,37.2,12.9,400,False,True,False
202605010107,3歳1勝クラス,2026/01/31,4,13,ブリッジエフェクト,7-7,36.6,37.8,0,False,True,False
202605010107,3歳1勝クラス,2026/01/31,5,12,サンラザール,3-3,37.3,2.2,0,False,True,False
202605010107,3歳1勝クラス,2026/01/31,6,4,ショーリバース,9-9,36.9,24.6,0,True,False,False
202605010107,3歳1勝クラス,2026/01/31,7,2,ロミオ,12-11,37.0,57.4,0,False,False,False
202605010107,3歳1勝クラス,2026/01/31,8,5,ラッキーキッド,9-9,37.1,11.6,0,False,True,False
202605010107,3歳1勝クラス,2026/01/31,9,9,ケイツーリーブル,15-14,37.3,64.6,0,False,True,False
202605010107,3歳1勝クラス,2026/01/31,10,15,ピースサイン,9-11,37.4,42.2,0,True,False,False
202605010107,3歳1勝クラス,2026/01/31,11,3,ゲームカレンダー,13-14,37.7,78.4,0,False,True,False
202605010107,3歳1勝クラス,2026/01/31,12,16,カズチャンペ,16-16,37.7,410.8,0,True,True,True
202605010107,3歳1勝クラス,2026/01/31,13,1,ドンエレクトス,13-11,38.4,7.0,0,False,True,False
202605010107,3歳1勝クラス,2026/01/31,14,11,ビルバンテ,4-4,39.1,48.8,0,False,True,False
202605010107,3歳1勝クラス,2026/01/31,15,7,ソルオーブ,4-4,39.2,128.6,0,True,False,False
202605010107,3歳1勝クラス,2026/01/31,16,6,ムーランオランジュ,4-6,39.0,146.9,0,False,True,False
202605010108,4歳以上2勝クラス,2026/01/31,1,10,ペイシャケイプ,15-15,34.6,4.1,190,False,True,False
202605010108,4歳以上2勝クラス,2026/01/31,2,6,アスクアイルビゼア,2-2,36.3,5.7,220,False,False,False
202605010108,4歳以上2勝クラス,2026/01/31,3,3,セントラルヴァレー,6-6,35.9,24.9,550,False,False,False
202605010108,4歳以上2勝クラス,2026/01/31,4,8,モーニングマジック,3-3,36.7,5.3,0,False,True,False
202605010108,4歳以上2勝クラス,2026/01/31,5,14,ゴールデンカイト,9-9,36.3,3.8,0,True,False,False
202605010108,4歳以上2勝クラス,2026/01/31,6,9,レッドアレグロ,6-6,36.7,5.3,0,True,False,False
202605010108,4歳以上2勝クラス,2026/01/31,7,5,タマモヴェナトル,13-12,36.1,136.8,0,False,True,False
202605010108,4歳以上2勝クラス,2026/01/31,8,11,フィーチャリング,12-12,36.1,19.1,0,False,True,False
202605010108,4歳以上2勝クラス,2026/01/31,9,7,シュヴァルツリーベ,3-5,36.9,134.8,0,False,False,False
202605010108,4歳以上2勝クラス,2026/01/31,10,1,モナコブル,10-9,36.4,257.7,0,False,False,False
202605010108,4歳以上2勝クラス,2026/01/31,11,12,サトノアルペジオ,10-9,36.8,115.3,0,True,False,False
202605010108,4歳以上2勝クラス,2026/01/31,12,15,ジューンポンポン,14-14,36.3,83.2,0,False,True,False
202605010108,4歳以上2勝クラス,2026/01/31,13,4,フラーハ,1-1,37.9,37.0,0,False,False,False
202605010108,4歳以上2勝クラス,2026/01/31,14,16,ニシノスピカ,6-6,37.6,161.2,0,False,False,False
202605010108,4歳以上2勝クラス,2026/01/31,15,2,ネイビースター,3-3,38.2,31.0,0,False,False,False
202605010108,4歳以上2勝クラス,2026/01/31,中,13,エンファサイズ,,,315.0,0,False,False,False
202605010109,白嶺ステークス(3勝),2026/01/31,1,1,ヴィヴァン,7-7,35.8,63.8,910,False,True,False
202605010109,白嶺ステークス(3勝),2026/01/31,2,15,ヴァンドーム,14-14,35.1,10.6,230,False,True,False
202605010109,白嶺ステークス(3勝),2026/01/31,3,8,ルグランヴァン,6-5,36.2,4.0,170,False,False,False
202605010109,白嶺ステークス(3勝),2026/01/31,4,6,ワイドブリザード,2-2,36.6,11.5,0,False,False,False
202605010109,白嶺ステークス(3勝),2026/01/31,5,7,クールブロン,7-8,36.0,103.9,0,False,True,False
202605010109,白嶺ステークス(3勝),2026/01/31,6,12,ジョディーズマロン,14-14,35.6,57.3,0,False,True,False
202605010109,白嶺ステークス(3勝),2026/01/31,7,5,ジェイエルマスター,16-16,35.5,5.7,0,False,True,False
202605010109,白嶺ステークス(3勝),2026/01/31,8,11,ニシノライコウ,12-12,36.4,103.4,0,False,False,False
202605010109,白嶺ステークス(3勝),2026/01/31,9,9,イデアイゴッソウ,7-8,36.8,18.8,0,True,False,False
202605010109,白嶺ステークス(3勝),2026/01/31,10,3,アルゴナヴィス,3-3,37.3,46.1,0,False,False,False
202605010109,白嶺ステークス(3勝),2026/01/31,11,14,ベルダイナフェロー,1-1,37.7,69.3,0,False,False,False
202605010109,白嶺ステークス(3勝),2026/01/31,12,10,ゴールデンオスカー,10-10,36.7,37.3,0,False,False,False
202605010109,白嶺ステークス(3勝),2026/01/31,13,13,ファリーザ,10-10,36.9,31.7,0,False,False,False
202605010109,白嶺ステークス(3勝),2026/01/31,14,4,タイゲン,12-12,36.8,399.9,0,False,False,False
202605010109,白嶺ステークス(3勝),2026/01/31,15,2,ロッシニアーナ,4-3,37.9,3.7,0,False,False,False
202605010109,白嶺ステークス(3勝),2026/01/31,16,16,ヒルノハンブルク,4-5,38.2,5.7,0,False,False,False
202605010110,クロッカスステークス(L),2026/01/31,1,2,オルネーロ,3-5,33.6,4.4,180,False,False,False
202605010110,クロッカスステークス(L),2026/01/31,2,1,ハッピーエンジェル,3-3,33.9,13.8,310,False,False,False
202605010110,クロッカスステークス(L),2026/01/31,3,9,フクチャンショウ,6-6,33.5,4.6,160,False,True,False
202605010110,クロッカスステークス(L),2026/01/31,4,12,アスミル,2-2,34.1,6.5,0,False,True,False
202605010110,クロッカスステークス(L),2026/01/31,5,4,トミーバローズ,8-6,33.6,15.8,0,False,False,False
202605010110,クロッカスステークス(L),2026/01/31,6,8,スミッコディスコ,10-11,33.5,55.1,0,False,False,False
202605010110,クロッカスステークス(L),2026/01/31,7,3,ルージュダリア,12-11,33.5,8.8,0,False,False,False
202605010110,クロッカスステークス(L),2026/01/31,8,5,ホットゥトロット,14-13,33.3,151.4,0,False,False,False
202605010110,クロッカスステークス(L),2026/01/31,9,10,グッドピース,8-9,33.9,4.8,0,False,False,False
202605010110,クロッカスステークス(L),2026/01/31,10,15,アグネスクレスト,6-6,34.4,69.2,0,False,True,False
202605010110,クロッカスステークス(L),2026/01/31,11,13,フレンドモナコ,10-9,34.3,389.6,0,True,False,False
202605010110,クロッカスステークス(L),2026/01/31,12,11,ユウファラオ,5-3,35.0,27.1,0,False,False,False
202605010110,クロッカスステークス(L),2026/01/31,13,6,ランドスター,13-13,34.2,56.7,0,False,False,False
202605010110,クロッカスステークス(L),2026/01/31,14,7,ホワイトドラゴン,1-1,35.5,13.8,0,False,True,False
202605010110,クロッカスステークス(L),2026/01/31,15,14,ミルトベスト,15-15,42.8,29.9,0,False,False,False
202605010111,白富士ステークス(L),2026/01/31,1,4,ダノンシーマ,5-5-5,32.7,5.0,140,True,True,True
202605010111,白富士ステークス(L),2026/01/31,2,1,ヴィレム,4-4-4,33.2,7.7,180,True,True,True
202605010111,白富士ステークス(L),2026/01/31,3,6,ウィクトルウェルス,6-6-6,32.9,2.1,110,True,True,True
202605010111,白富士ステークス(L),2026/01/31,4,2,レディネス,3-3-3,33.8,5.9,0,False,False,False
202605010111,白富士ステークス(L),2026/01/31,5,8,ピースワンデュック,1-1-1,34.4,13.5,0,False,False,False
202605010111,白富士ステークス(L),2026/01/31,6,5,キングズパレス,10-10-9,32.9,45.0,0,False,True,False
202605010111,白富士ステークス(L),2026/01/31,7,3,シンハナーダ,7-7-7,33.5,9.1,0,False,True,False
202605010111,白富士ステークス(L),2026/01/31,8,7,マイネルモーント,2-2-2,35.2,62.8,0,False,False,False
202605010111,白富士ステークス(L),2026/01/31,9,9,オーロラエックス,7-7-8,34.0,39.6,0,False,False,False
202605010111,白富士ステークス(L),2026/01/31,中,10,セレシオン,9-9-10,,20.7,0,True,False,False
202605010112,4歳以上1勝クラス,2026/01/31,1,10,アールヴィヴァン,10-9-7,33.3,3.4,120,False,True,False
202605010112,4歳以上1勝クラス,2026/01/31,2,7,オルグジェシダ,7-6-5,33.6,2.3,110,False,False,False
202605010112,4歳以上1勝クラス,2026/01/31,3,9,エリーナストーム,5-3-3,34.0,6.0,150,True,False,False
202605010112,4歳以上1勝クラス,2026/01/31,4,3,セイロンジェムズ,12-11-11,33.1,82.5,0,False,False,False
202605010112,4歳以上1勝クラス,2026/01/31,5,4,ピースヒロフェイス,7-10-11,33.2,75.3,0,True,True,True
202605010112,4歳以上1勝クラス,2026/01/31,6,5,ポタリング,4-6-7,33.8,75.8,0,False,False,False
202605010112,4歳以上1勝クラス,2026/01/31,7,1,スワローシチー,5-6-7,33.8,32.5,0,True,False,False
202605010112,4歳以上1勝クラス,2026/01/31,8,12,パストラーレ,3-2-3,34.3,10.1,0,False,False,False
202605010112,4歳以上1勝クラス,2026/01/31,9,6,ルージュカエラ,2-4-5,34.1,186.5,0,True,False,False
202605010112,4歳以上1勝クラス,2026/01/31,10,11,サトノラポール,7-4-1,35.2,53.2,0,True,True,True
202605010112,4歳以上1勝クラス,2026/01/31,11,8,コスモグラニット,1-1-2,35.3,26.3,0,False,False,False
202605010112,4歳以上1勝クラス,2026/01/31,12,2,タイセイプランセス,10-11-10,36.3,6.6,0,False,False,False
202605010201,3歳未勝利,2026/02/01,1,10,ケブランリ,1-1,37.2,2.1,120,False,False,False
202605010201,3歳未勝利,2026/02/01,2,9,タイセイゴッシュ,6-6,37.1,10.6,210,False,True,False
202605010201,3歳未勝利,2026/02/01,3,6,ナックスプレンダー,10-9,37.4,5.3,150,False,True,False
202605010201,3歳未勝利,2026/02/01,4,14,モーゲンセン,6-6,37.9,5.0,0,False,False,False
202605010201,3歳未勝利,2026/02/01,5,1,リゾートライン,2-2,38.8,48.0,0,True,False,False
202605010201,3歳未勝利,2026/02/01,6,11,ニンジャトットリ,3-3,38.6,22.9,0,False,True,False
202605010201,3歳未勝利,2026/02/01,7,5,アイアンナックル,10-11,38.1,27.7,0,True,True,True
202605010201,3歳未勝利,2026/02/01,8,15,ヴァルボナ,3-3,38.8,7.3,0,False,False,False
202605010201,3歳未勝利,2026/02/01,9,3,セーヌデローヴ,8-8,38.8,56.8,0,False,False,False
202605010201,3歳未勝利,2026/02/01,10,8,オダイ,3-3,39.6,387.2,0,False,False,False
202605010201,3歳未勝利,2026/02/01,11,12,ツイスティドシルク,9-9,39.2,55.5,0,False,False,False
202605010201,3歳未勝利,2026/02/01,12,4,グラスアロー,14-13,38.8,382.4,0,True,False,False
202605010201,3歳未勝利,2026/02/01,13,2,キミガイチバンイイ,10-11,39.4,266.5,0,True,False,False
202605010201,3歳未勝利,2026/02/01,14,13,ピコテーパー,16-16,38.4,69.5,0,False,False,False
202605010201,3歳未勝利,2026/02/01,15,16,リオンアンサー,13-13,39.6,251.4,0,False,False,False
202605010201,3歳未勝利,2026/02/01,16,7,シカゴキャッツ,15-15,39.3,354.3,0,True,False,False
202605010202,3歳未勝利,2026/02/01,1,7,オルブライト,11-11-11-11,37.7,6.6,160,False,True,False
202605010202,3歳未勝利,2026/02/01,2,9,ホウオウファミリー,3-3-3-3,39.3,1.7,110,False,False,False
202605010202,3歳未勝利,2026/02/01,3,12,グランドスウェル,9-8-11-11,39.2,32.6,380,True,False,False
202605010202,3歳未勝利,2026/02/01,4,8,ルージュアリスタ,4-5-5-5,40.6,5.2,0,True,False,False
202605010202,3歳未勝利,2026/02/01,5,13,マイネルスラーヴァ,9-10-9-9,40.1,192.4,0,True,False,False
202605010202,3歳未勝利,2026/02/01,6,10,ゴールドエンバー,8-8-9-9,40.2,22.6,0,True,False,False
202605010202,3歳未勝利,2026/02/01,7,4,ゴーフォアブローク,1-1-1-1,41.4,4.7,0,False,True,False
202605010202,3歳未勝利,2026/02/01,8,6,アスパラゴ,2-2-2-2,41.4,173.4,0,True,False,False
202605010202,3歳未勝利,2026/02/01,9,1,アルファシーナ,12-12-5-5,40.9,139.6,0,False,True,False
202605010202,3歳未勝利,2026/02/01,10,3,ウインガネーシャ,4-3-3-4,41.2,38.1,0,True,False,False
202605010202,3歳未勝利,2026/02/01,11,5,ロジキセキ,6-5-5-5,41.2,119.5,0,False,False,False
202605010202,3歳未勝利,2026/02/01,12,2,タイガーゲイト,6-5-8-8,41.4,93.7,0,True,False,False
202605010202,3歳未勝利,2026/02/01,13,11,フロステリオン,12-12-13-13,44.1,347.2,0,False,False,False
202605010203,3歳未勝利,2026/02/01,1,11,ジュワネング,2-2,37.9,2.8,140,True,True,True
202605010203,3歳未勝利,2026/02/01,2,2,グラスハーティー,10-10,37.9,12.6,250,True,True,True
202605010203,3歳未勝利,2026/02/01,3,9,ルージュリリック,3-3,38.7,3.4,150,False,False,False
202605010203,3歳未勝利,2026/02/01,4,6,イデアクリスタル,16-16,37.2,13.4,0,False,False,False
202605010203,3歳未勝利,2026/02/01,5,13,バイアブランカ,8-8,38.4,14.9,0,False,False,False
202605010203,3歳未勝利,2026/02/01,6,3,タイセイルビー,12-12,38.6,55.7,0,True,False,False
202605010203,3歳未勝利,2026/02/01,7,4,メリティス,7-5,39.2,6.2,0,False,True,False
202605010203,3歳未勝利,2026/02/01,8,12,サイモンセレーノ,13-13,38.5,137.2,0,True,False,False
202605010203,3歳未勝利,2026/02/01,9,1,カスターニエ,13-15,38.4,165.4,0,False,False,False
202605010203,3歳未勝利,2026/02/01,10,16,ナンヨーリクエスト,9-8,39.6,338.7,0,True,False,False
202605010203,3歳未勝利,2026/02/01,11,14,レーヴルーバ,5-5,40.0,231.6,0,False,False,False
202605010203,3歳未勝利,2026/02/01,12,5,フーディエラン,1-1,40.8,43.2,0,False,False,False
202605010203,3歳未勝利,2026/02/01,13,10,ペイシャロッチ,13-13,39.5,277.7,0,True,False,False
202605010203,3歳未勝利,2026/02/01,14,8,スイートハイデン,10-10,39.8,61.8,0,False,False,False
202605010203,3歳未勝利,2026/02/01,15,7,ボーントゥラブユー,3-3,40.6,6.9,0,True,False,False
202605010203,3歳未勝利,2026/02/01,16,15,ディアファニス,5-5,42.6,177.6,0,False,False,False
202605010204,4歳以上1勝クラス,2026/02/01,1,14,ベラジオワールド,5-5,37.3,3.6,270,False,False,False
202605010204,4歳以上1勝クラス,2026/02/01,2,16,マルセルテソーロ,4-4,37.6,7.6,290,False,False,False
202605010204,4歳以上1勝クラス,2026/02/01,3,7,ゼンカイパイロ,5-5,37.5,4.2,210,False,True,False
202605010204,4歳以上1勝クラス,2026/02/01,4,6,マックスキュー,2-2,38.2,2.3,0,True,True,True
202605010204,4歳以上1勝クラス,2026/02/01,5,5,リッキースタイル,9-7,37.5,20.3,0,False,False,False
202605010204,4歳以上1勝クラス,2026/02/01,6,3,ペロ,12-12,37.7,24.4,0,False,True,False
202605010204,4歳以上1勝クラス,2026/02/01,7,1,ラッキーヤース,13-13,37.2,90.0,0,False,False,False
202605010204,4歳以上1勝クラス,2026/02/01,8,9,キョウエイスレーヴ,10-9,38.2,31.3,0,True,False,False
202605010204,4歳以上1勝クラス,2026/02/01,9,2,メリーサウンド,15-15,37.0,342.3,0,True,False,False
202605010204,4歳以上1勝クラス,2026/02/01,10,8,アイアムイチバン,8-7,38.6,52.7,0,False,False,False
202605010204,4歳以上1勝クラス,2026/02/01,11,4,リッチハンター,2-2,40.1,232.0,0,False,False,False
202605010204,4歳以上1勝クラス,2026/02/01,12,12,ブルーリヴァーサル,13-13,38.5,681.9,0,False,False,False
202605010204,4歳以上1勝クラス,2026/02/01,13,11,ダイタエリュシオン,15-15,38.1,374.4,0,True,False,False
202605010204,4歳以上1勝クラス,2026/02/01,14,13,サンロレンツォ,10-11,39.5,308.1,0,False,True,False
202605010204,4歳以上1勝クラス,2026/02/01,15,15,エルオレンス,1-1,41.2,172.6,0,True,False,False
202605010204,4歳以上1勝クラス,2026/02/01,16,10,サノノアメリカン,5-9,40.0,460.6,0,False,False,False
202605010205,3歳新馬,2026/02/01,1,15,アスクイキゴミ,4-3,33.9,5.8,200,False,False,False
202605010205,3歳新馬,2026/02/01,2,8,ロッサコメータ,2-2,34.4,38.9,680,False,False,False
202605010205,3歳新馬,2026/02/01,3,6,サトノフレイ,12-13,33.5,2.4,130,False,False,False
202605010205,3歳新馬,2026/02/01,4,9,ヤマニンアレシス,4-3,34.3,66.5,0,False,False,False
202605010205,3歳新馬,2026/02/01,5,7,マイシドニー,1-1,34.8,26.9,0,False,False,False
202605010205,3歳新馬,2026/02/01,6,3,アグネスブリッツ,2-3,34.8,34.2,0,False,False,False
202605010205,3歳新馬,2026/02/01,7,2,ヘヴンリーサイン,12-10,34.2,165.2,0,False,False,False
202605010205,3歳新馬,2026/02/01,8,11,キトゥンズラスター,10-10,34.3,20.4,0,False,False,False
202605010205,3歳新馬,2026/02/01,9,16,トラスティア,6-6,34.7,10.4,0,False,False,False
202605010205,3歳新馬,2026/02/01,10,12,ジャスパーブレイズ,10-10,34.5,15.9,0,False,False,False
202605010205,3歳新馬,2026/02/01,11,10,ホウオウアシュリン,6-9,34.8,7.9,0,False,False,False
202605010205,3歳新馬,2026/02/01,12,13,ジェッディンデデン,16-16,33.5,66.6,0,False,False,False
202605010205,3歳新馬,2026/02/01,13,14,カーブドフェザー,14-14,34.1,5.2,0,False,False,False
202605010205,3歳新馬,2026/02/01,14,5,フェアリーキャット,6-7,35.3,195.7,0,False,False,False
202605010205,3歳新馬,2026/02/01,15,1,モズラストセール,6-7,35.4,111.2,0,False,False,False
202605010205,3歳新馬,2026/02/01,16,4,ロードキャリバー,15-14,35.2,119.3,0,False,False,False
202605010206,4歳以上1勝クラス,2026/02/01,1,15,ツーネサーン,2-2,37.2,5.5,210,False,False,False
202605010206,4歳以上1勝クラス,2026/02/01,2,14,セブンマイスター,4-3,37.5,2.6,150,False,True,False
202605010206,4歳以上1勝クラス,2026/02/01,3,1,コーシューパンジャ,13-12,36.6,33.3,630,True,True,True
202605010206,4歳以上1勝クラス,2026/02/01,4,5,ハクシンブライアン,3-3,37.8,10.5,0,False,False,False
202605010206,4歳以上1勝クラス,2026/02/01,5,3,サムワンライクユー,8-7,37.6,134.0,0,False,False,False
202605010206,4歳以上1勝クラス,2026/02/01,6,13,マテンロウミラクル,10-10,37.5,10.3,0,False,True,False
202605010206,4歳以上1勝クラス,2026/02/01,7,6,レッドエウロス,8-8,37.8,4.1,0,False,False,False
202605010206,4歳以上1勝クラス,2026/02/01,8,12,ペネトレイトゴー,14-14,37.3,136.7,0,False,False,False
202605010206,4歳以上1勝クラス,2026/02/01,9,11,エポカリーナ,15-15,37.7,82.7,0,True,False,False
202605010206,4歳以上1勝クラス,2026/02/01,10,10,ネオシルバー,7-3,39.3,61.2,0,False,False,False
202605010206,4歳以上1勝クラス,2026/02/01,11,4,ショウナンマリーナ,4-3,39.3,95.4,0,True,False,False
202605010206,4歳以上1勝クラス,2026/02/01,12,8,ウヌボレヤサン,4-8,39.0,188.8,0,True,False,False
202605010206,4歳以上1勝クラス,2026/02/01,13,9,バム,10-10,39.3,261.1,0,False,False,False
202605010206,4歳以上1勝クラス,2026/02/01,14,2,ジェシーテソーロ,1-1,40.2,16.4,0,False,False,False
202605010206,4歳以上1勝クラス,2026/02/01,15,7,ウインイザナミ,12-12,39.5,9.0,0,True,False,False
202605010207,4歳以上2勝クラス,2026/02/01,1,3,ログラール,1-1-1,34.3,10.2,190,True,False,False
202605010207,4歳以上2勝クラス,2026/02/01,2,1,リトルジャイアンツ,8-8-8,33.3,4.1,160,False,True,False
202605010207,4歳以上2勝クラス,2026/02/01,3,6,ボウウィンドウ,6-6-6,34.0,1.7,110,True,True,True
202605010207,4歳以上2勝クラス,2026/02/01,4,7,バードウォッチャー,2-2-2,34.5,66.0,0,True,False,False
202605010207,4歳以上2勝クラス,2026/02/01,5,2,ナイトスラッガー,3-3-3,34.4,6.0,0,False,True,False
202605010207,4歳以上2勝クラス,2026/02/01,6,5,ペッレグリーニ,7-6-7,34.1,77.9,0,True,False,False
202605010207,4歳以上2勝クラス,2026/02/01,7,4,ダイシンバースディ,3-3-3,35.3,351.7,0,True,False,False
202605010207,4歳以上2勝クラス,2026/02/01,8,8,メディテラニアン,3-3-3,35.9,7.0,0,True,False,False
202605010207,4歳以上2勝クラス,2026/02/01,9,9,コスモエクスプレス,9-9-9,35.5,188.7,0,True,False,False
202605010208,4歳以上2勝クラス,2026/02/01,1,10,ジーティーダーリン,3-1-1-1,36.5,2.7,110,False,False,False
202605010208,4歳以上2勝クラス,2026/02/01,2,11,インペリアルライン,10-10-5-5,36.1,38.7,260,True,False,False
202605010208,4歳以上2勝クラス,2026/02/01,3,2,テーオーマルコーニ,2-3-3-3,36.5,1.7,110,True,True,True
202605010208,4歳以上2勝クラス,2026/02/01,4,6,ラファールドール,5-5-5-5,36.4,57.3,0,True,False,False
202605010208,4歳以上2勝クラス,2026/02/01,5,1,ゴヴェルナーレリコ,1-2-2-2,36.9,41.3,0,False,False,False
202605010208,4歳以上2勝クラス,2026/02/01,6,5,シグムンド,4-4-3-3,36.9,18.7,0,False,False,False
202605010208,4歳以上2勝クラス,2026/02/01,7,7,シャンバラ,8-8-8-8,36.4,109.4,0,True,False,False
202605010208,4歳以上2勝クラス,2026/02/01,8,4,ホウオウベルクソン,5-5-5-5,36.8,10.1,0,True,False,False
202605010208,4歳以上2勝クラス,2026/02/01,9,9,タッチャブル,8-9-10-10,36.1,53.3,0,False,True,False
202605010208,4歳以上2勝クラス,2026/02/01,10,8,ダディーズトリップ,7-7-8-8,37.1,17.5,0,False,True,False
202605010208,4歳以上2勝クラス,2026/02/01,11,3,イデアユウシン,11-11-11-10,37.3,331.1,0,True,False,False
202605010209,セントポーリア賞(1勝),2026/02/01,1,10,ラストスマイル,2-2-2,33.4,4.9,170,True,False,False
202605010209,セントポーリア賞(1勝),2026/02/01,2,6,ブレットパス,11-7-7,32.5,3.1,140,False,True,False
202605010209,セントポーリア賞(1勝),2026/02/01,3,9,フジガイフウ,6-6-6,32.7,5.6,160,False,True,False
202605010209,セントポーリア賞(1勝),2026/02/01,4,7,ニシノエースサマ,3-4-4,33.0,25.6,0,True,True,True
202605010209,セントポーリア賞(1勝),2026/02/01,5,2,ミッキーマーメイド,5-3-3,33.5,13.9,0,False,True,False
202605010209,セントポーリア賞(1勝),2026/02/01,6,3,フレイムスター,1-1-1,34.1,58.3,0,False,False,False
202605010209,セントポーリア賞(1勝),2026/02/01,7,12,リスレジャンデール,9-9-7,32.9,3.6,0,False,True,False
202605010209,セントポーリア賞(1勝),2026/02/01,8,1,ブルースカイブルー,9-10-10,32.8,20.8,0,False,False,False
202605010209,セントポーリア賞(1勝),2026/02/01,9,8,バークシャーシチー,11-11-10,33.1,23.5,0,True,True,True
202605010209,セントポーリア賞(1勝),2026/02/01,10,4,ショウナンダイン,7-7-7,33.5,53.3,0,False,False,False
202605010209,セントポーリア賞(1勝),2026/02/01,11,5,コスモエルヴァル,7-11-10,34.5,156.3,0,False,False,False
202605010209,セントポーリア賞(1勝),2026/02/01,12,11,マテンロウネイビー,3-4-4,35.6,28.2,0,True,True,True
202605010210,節分ステークス(3勝),2026/02/01,1,14,ウイントワイライト,9-10,33.1,4.8,210,False,True,False
202605010210,節分ステークス(3勝),2026/02/01,2,1,タイセイカレント,5-6,33.3,6.9,210,False,True,False
202605010210,節分ステークス(3勝),2026/02/01,3,5,アンダースコア,6-6,33.4,24.5,560,False,False,False
202605010210,節分ステークス(3勝),2026/02/01,4,3,スマートワイス,6-4,33.8,4.0,0,False,False,False
202605010210,節分ステークス(3勝),2026/02/01,5,13,サトミノキラリ,14-14,33.3,18.9,0,False,True,False
202605010210,節分ステークス(3勝),2026/02/01,6,8,アイサンサン,2-2,34.2,7.4,0,False,False,False
202605010210,節分ステークス(3勝),2026/02/01,7,2,バンドシェル,14-13,33.5,18.8,0,False,True,False
202605010210,節分ステークス(3勝),2026/02/01,8,15,モンテシート,4-4,34.0,15.1,0,True,False,False
202605010210,節分ステークス(3勝),2026/02/01,9,6,ジュドー,11-14,33.5,50.0,0,False,False,False
202605010210,節分ステークス(3勝),2026/02/01,10,11,ユハンヌス,11-10,33.8,5.1,0,False,True,False
202605010210,節分ステークス(3勝),2026/02/01,11,10,ボーモンド,6-6,33.9,24.4,0,True,False,False
202605010210,節分ステークス(3勝),2026/02/01,12,4,ラテラルシンキング,11-6,34.0,187.1,0,False,False,False
202605010210,節分ステークス(3勝),2026/02/01,13,9,アームテイル,9-10,33.9,86.3,0,False,False,False
202605010210,節分ステークス(3勝),2026/02/01,14,7,コスモアディラート,3-2,34.9,68.5,0,False,False,False
202605010210,節分ステークス(3勝),2026/02/01,15,12,リチャードバローズ,1-1,35.4,47.1,0,False,True,False
202605010211,第40回根岸ステークス(GIII),2026/02/01,1,2,ロードフォンス,5-5,35.5,13.2,370,False,False,False
202605010211,第40回根岸ステークス(GIII),2026/02/01,2,10,バトルクライ,14-14,34.8,150.9,2290,False,False,False
202605010211,第40回根岸ステークス(GIII),2026/02/01,3,7,ダノンフィーゴ,9-8,35.4,7.2,270,False,False,False
202605010211,第40回根岸ステークス(GIII),2026/02/01,4,3,オメガギネス,10-8,35.6,8.9,0,False,False,False
202605010211,第40回根岸ステークス(GIII),2026/02/01,5,12,マピュース,12-12,35.4,25.9,0,False,False,False
202605010211,第40回根岸ステークス(GIII),2026/02/01,6,9,エンペラーワケア,2-3,36.2,3.9,0,False,False,False
202605010211,第40回根岸ステークス(GIII),2026/02/01,7,1,ウェイワードアクト,1-1,36.4,5.0,0,False,True,False
202605010211,第40回根岸ステークス(GIII),2026/02/01,8,5,チカッパ,10-11,35.7,40.0,0,False,True,False
202605010211,第40回根岸ステークス(GIII),2026/02/01,9,8,インユアパレス,5-5,36.2,3.9,0,False,False,False
202605010211,第40回根岸ステークス(GIII),2026/02/01,10,15,サントノーレ,2-3,36.5,19.1,0,False,False,False
202605010211,第40回根岸ステークス(GIII),2026/02/01,11,6,マテンロウコマンド,2-2,36.7,26.6,0,True,True,True
202605010211,第40回根岸ステークス(GIII),2026/02/01,12,16,フェブランシェ,5-7,36.5,32.8,0,False,False,False
202605010211,第40回根岸ステークス(GIII),2026/02/01,13,4,アルファマム,12-12,36.1,65.0,0,False,True,False
202605010211,第40回根岸ステークス(GIII),2026/02/01,14,13,メイショウカズサ,15-15,35.5,216.1,0,False,False,False
202605010211,第40回根岸ステークス(GIII),2026/02/01,15,14,ネオトキオ,16-16,36.1,207.2,0,True,True,True
202605010211,第40回根岸ステークス(GIII),2026/02/01,16,11,ケイアイドリー,8-8,37.8,284.7,0,False,False,False
202605010212,3歳未勝利,2026/02/01,1,1,アウダーシア,3-4-3,33.8,1.5,110,False,True,False
202605010212,3歳未勝利,2026/02/01,2,2,マイネルグレート,1-1-1,34.2,32.2,410,False,False,False
202605010212,3歳未勝利,2026/02/01,3,7,スカイリッチ,10-7-6,33.8,15.5,280,False,False,False
202605010212,3歳未勝利,2026/02/01,4,4,ナックホワイト,2-2-2,34.5,8.9,0,True,False,False
202605010212,3歳未勝利,2026/02/01,5,6,フォンドルレール,15-14-14,34.0,36.1,0,True,False,False
202605010212,3歳未勝利,2026/02/01,6,5,スカイドリーマー,5-6-5,34.6,21.2,0,False,False,False
202605010212,3歳未勝利,2026/02/01,7,9,カズシ,13-12-10,34.3,13.6,0,False,True,False
202605010212,3歳未勝利,2026/02/01,8,10,ミサダメキメル,7-9-8,34.7,70.7,0,False,True,False
202605010212,3歳未勝利,2026/02/01,9,11,グリーンガーネット,10-11-10,34.5,98.9,0,False,False,False
202605010212,3歳未勝利,2026/02/01,10,8,ダイユウアレグロ,5-9-10,34.7,13.8,0,False,True,False
202605010212,3歳未勝利,2026/02/01,11,15,ティブロン,7-7-8,35.3,94.0,0,False,True,False
202605010212,3歳未勝利,2026/02/01,12,14,オーケーグリット,3-4-6,35.9,81.7,0,False,False,False
202605010212,3歳未勝利,2026/02/01,13,16,マイネルアルゴー,10-12-10,35.8,237.7,0,False,False,False
202605010212,3歳未勝利,2026/02/01,14,3,スミレノハナ,15-16-16,35.2,158.5,0,True,False,False
202605010212,3歳未勝利,2026/02/01,15,13,ソルプレーザ,13-15-15,36.1,333.1,0,True,False,False
202605010212,3歳未勝利,2026/02/01,16,12,アドマイヤフク,7-2-3,38.3,8.4,0,False,True,False
202605010301,3歳未勝利,2026/02/07,1,11,チームユートピア,2-2,37.7,21.8,490,True,False,False
202605010301,3歳未勝利,2026/02/07,2,12,ハングローズ,5-5,38.1,6.9,220,False,False,False
202605010301,3歳未勝利,2026/02/07,3,15,スイープセレニティ,4-3,38.3,2.5,140,False,False,False
202605010301,3歳未勝利,2026/02/07,4,6,スーパーガール,8-9,38.0,7.3,0,False,False,False
202605010301,3歳未勝利,2026/02/07,5,4,ジャメビュ,5-5,38.4,26.1,0,False,True,False
202605010301,3歳未勝利,2026/02/07,6,7,ルージュリヴィエラ,8-8,38.4,3.5,0,False,True,False
202605010301,3歳未勝利,2026/02/07,7,3,スウェーバック,10-10,38.8,265.6,0,False,False,False
202605010301,3歳未勝利,2026/02/07,8,14,リワードシュテルン,14-13,38.0,8.3,0,False,True,False
202605010301,3歳未勝利,2026/02/07,9,16,イヌボウノヒカリ,12-12,38.7,117.4,0,False,False,False
202605010301,3歳未勝利,2026/02/07,10,8,ファーストシーン,15-14,37.9,270.1,0,False,False,False
202605010301,3歳未勝利,2026/02/07,11,9,エイシンウィゾール,1-1,40.6,25.1,0,False,False,False
202605010301,3歳未勝利,2026/02/07,12,2,キタノオンザバス,10-10,40.2,232.4,0,False,False,False
202605010301,3歳未勝利,2026/02/07,13,13,ライヴマルガリータ,2-3,41.7,41.6,0,False,True,False
202605010301,3歳未勝利,2026/02/07,14,5,ノーブルティアラ,5-5,42.0,372.5,0,False,False,False
202605010301,3歳未勝利,2026/02/07,15,1,マドンナアスク,16-16,40.6,236.7,0,False,False,False
202605010301,3歳未勝利,2026/02/07,16,10,コスモエレジー,13-15,42.4,470.1,0,True,False,False
202605010302,3歳未勝利,2026/02/07,1,8,ジャスフォール,2-2,37.7,4.8,250,False,False,False
202605010302,3歳未勝利,2026/02/07,2,7,ユイノカタリベ,6-6,37.7,5.9,180,False,False,False
202605010302,3歳未勝利,2026/02/07,3,3,タイキプレジール,10-10,37.3,17.2,410,False,False,False
202605010302,3歳未勝利,2026/02/07,4,14,サリーアン,11-11,37.2,41.3,0,False,True,False
202605010302,3歳未勝利,2026/02/07,5,16,タヤスロレンヌ,8-8,37.9,10.7,0,False,True,False
202605010302,3歳未勝利,2026/02/07,6,1,アヴァランチ,13-13,37.1,25.5,0,False,False,False
202605010302,3歳未勝利,2026/02/07,7,6,アジュアカレンツ,11-11,37.7,10.0,0,False,False,False
202605010302,3歳未勝利,2026/02/07,8,10,フローライト,4-4,38.5,5.7,0,False,True,False
202605010302,3歳未勝利,2026/02/07,9,15,ソードスレイプニル,6-6,38.9,22.9,0,True,False,False
202605010302,3歳未勝利,2026/02/07,10,12,ライヴギムレット,16-16,37.7,98.7,0,False,False,False
202605010302,3歳未勝利,2026/02/07,11,2,フローズンブーケ,15-14,37.8,32.0,0,False,False,False
202605010302,3歳未勝利,2026/02/07,12,11,ステキサプライズ,8-8,39.0,55.3,0,False,False,False
202605010302,3歳未勝利,2026/02/07,13,4,シルバーアックス,4-4,39.7,5.8,0,False,False,False
202605010302,3歳未勝利,2026/02/07,14,9,エンカウンターベイ,3-3,40.1,36.0,0,False,False,False
202605010302,3歳未勝利,2026/02/07,15,5,ピコレーヴ,1-1,41.4,13.5,0,False,False,False
202605010302,3歳未勝利,2026/02/07,16,13,ポッドシャンク,13-14,40.2,124.4,0,False,False,False
202605010303,3歳未勝利,2026/02/07,1,10,フクシマブリルハム,4-5,37.1,13.8,390,False,False,False
202605010303,3歳未勝利,2026/02/07,2,15,セブンワンダーズ,1-1,37.9,8.5,230,False,False,False
202605010303,3歳未勝利,2026/02/07,3,2,アオイミズホ,9-9,37.4,3.0,160,False,False,False
202605010303,3歳未勝利,2026/02/07,4,11,チェイサー,2-2,38.3,106.2,0,True,False,False
202605010303,3歳未勝利,2026/02/07,5,13,スーパーハイウェイ,3-3,38.4,12.2,0,False,False,False
202605010303,3歳未勝利,2026/02/07,6,7,ゴットタレント,6-7,38.0,7.0,0,False,True,False
202605010303,3歳未勝利,2026/02/07,7,14,ゴールドフリーダム,14-16,37.4,270.0,0,False,False,False
202605010303,3歳未勝利,2026/02/07,8,9,ザンテソーロ,12-11,38.2,50.8,0,True,False,False
202605010303,3歳未勝利,2026/02/07,9,5,チェストー,12-12,38.2,102.3,0,False,False,False
202605010303,3歳未勝利,2026/02/07,10,3,テンレディーゴー,14-14,38.1,35.2,0,True,False,False
202605010303,3歳未勝利,2026/02/07,11,4,デルマカイモン,6-7,39.1,183.4,0,False,False,False
202605010303,3歳未勝利,2026/02/07,12,6,ロードクローザー,4-4,40.1,2.4,0,False,False,False
202605010303,3歳未勝利,2026/02/07,13,12,トップオブザキング,16-14,38.8,294.9,0,False,False,False
202605010303,3歳未勝利,2026/02/07,14,16,グリュック,11-12,39.4,95.2,0,False,False,False
202605010303,3歳未勝利,2026/02/07,15,8,トラヴィス,9-10,39.8,150.0,0,False,False,False
202605010303,3歳未勝利,2026/02/07,16,1,ユニベールクイーン,6-6,41.4,322.4,0,True,False,False
202605010304,4歳以上1勝クラス,2026/02/07,1,2,ウエヲムイテゴラン,9-9,36.4,3.7,120,False,True,False
202605010304,4歳以上1勝クラス,2026/02/07,2,10,タマモカンパネラ,6-7,36.6,3.5,130,False,False,False
202605010304,4歳以上1勝クラス,2026/02/07,3,9,クラリネットソナタ,13-12,36.3,3.8,130,True,False,False
202605010304,4歳以上1勝クラス,2026/02/07,4,12,チギリ,6-5,37.3,23.6,0,True,False,False
202605010304,4歳以上1勝クラス,2026/02/07,5,3,ブルスカメンテ,2-2,38.4,17.8,0,False,True,False
202605010304,4歳以上1勝クラス,2026/02/07,6,13,ブルージュ,9-9,37.4,41.6,0,True,False,False
202605010304,4歳以上1勝クラス,2026/02/07,7,5,サザンティスプーン,11-11,37.2,6.1,0,True,True,True
202605010304,4歳以上1勝クラス,2026/02/07,8,11,コルヴィル,5-5,38.3,14.3,0,False,False,False
202605010304,4歳以上1勝クラス,2026/02/07,9,7,エウテルペ,3-3,39.2,53.6,0,False,True,False
202605010304,4歳以上1勝クラス,2026/02/07,10,4,カポレイラ,6-7,38.5,193.7,0,True,False,False
202605010304,4歳以上1勝クラス,2026/02/07,11,6,フォンデネージュ,4-4,39.1,21.6,0,False,False,False
202605010304,4歳以上1勝クラス,2026/02/07,12,1,グランカッサ,1-1,40.9,67.6,0,True,False,False
202605010304,4歳以上1勝クラス,2026/02/07,13,8,コーラスライン,11-12,39.3,309.5,0,True,False,False
202605010305,3歳新馬,2026/02/07,1,5,ベルウッドクレド,1-2-2,34.8,16.5,260,False,False,False
202605010305,3歳新馬,2026/02/07,2,10,カットソロ,10-8-6,34.3,3.4,130,False,False,False
202605010305,3歳新馬,2026/02/07,3,15,ヘイジュード,10-11-14,34.1,2.2,110,False,False,False
202605010305,3歳新馬,2026/02/07,4,6,レッドリファインド,8-8-6,34.6,26.9,0,False,False,False
202605010305,3歳新馬,2026/02/07,5,2,アリアファブラ,8-4-4,35.0,16.6,0,False,False,False
202605010305,3歳新馬,2026/02/07,6,3,カムバックトゥミー,13-11-10,34.4,19.0,0,False,False,False
202605010305,3歳新馬,2026/02/07,7,7,アドマイヤパープル,4-4-4,35.1,6.2,0,False,False,False
202605010305,3歳新馬,2026/02/07,8,11,チョウシュンカ,15-15-15,34.5,126.4,0,False,False,False
202605010305,3歳新馬,2026/02/07,9,9,エイシンキーンラン,4-7-9,35.0,50.2,0,False,False,False
202605010305,3歳新馬,2026/02/07,10,8,フルールロイヤル,10-11-10,35.0,77.2,0,False,False,False
202605010305,3歳新馬,2026/02/07,11,1,サファイアプレミア,14-11-10,35.1,76.6,0,False,False,False
202605010305,3歳新馬,2026/02/07,12,13,オウケンサクラコ,16-16-15,35.0,154.7,0,False,False,False
202605010305,3歳新馬,2026/02/07,13,14,ホウオウパーソンズ,2-4-6,35.8,99.3,0,False,False,False
202605010305,3歳新馬,2026/02/07,14,12,ピコプリンセス,4-8-10,35.6,35.8,0,False,False,False
202605010305,3歳新馬,2026/02/07,15,4,サツキマーメイド,2-1-1,36.8,179.5,0,False,False,False
202605010305,3歳新馬,2026/02/07,16,16,ソパデアホ,4-3-3,37.6,27.0,0,False,False,False
202605010306,3歳未勝利,2026/02/07,1,2,ターンザテーブルス,11-12,33.6,10.4,350,False,True,False
202605010306,3歳未勝利,2026/02/07,2,3,サザンテイオー,5-5,34.1,15.1,390,False,False,False
202605010306,3歳未勝利,2026/02/07,3,12,アイアンパイク,3-3,34.5,7.3,290,True,True,True
202605010306,3歳未勝利,2026/02/07,4,1,クレアノア,14-14,33.5,29.0,0,False,True,False
202605010306,3歳未勝利,2026/02/07,5,13,ジュラトリー,3-3,34.6,6.9,0,False,True,False
202605010306,3歳未勝利,2026/02/07,6,9,パンジー,1-1,35.0,254.8,0,True,False,False
202605010306,3歳未勝利,2026/02/07,7,7,テンユウ,5-5,34.5,6.7,0,False,True,False
202605010306,3歳未勝利,2026/02/07,8,4,レヴェランジェ,8-8,34.2,6.8,0,False,False,False
202605010306,3歳未勝利,2026/02/07,9,8,レアリゼソンレーヴ,11-12,34.1,22.5,0,False,False,False
202605010306,3歳未勝利,2026/02/07,10,6,レッドアヴィオン,2-2,35.3,4.6,0,False,False,False
202605010306,3歳未勝利,2026/02/07,11,14,ジュナベーラ,10-8,34.7,5.1,0,True,False,False
202605010306,3歳未勝利,2026/02/07,12,16,トゥントゥントゥン,13-11,34.6,172.0,0,True,False,False
202605010306,3歳未勝利,2026/02/07,13,10,コスモペンタス,14-14,34.6,148.0,0,True,False,False
202605010306,3歳未勝利,2026/02/07,14,11,ケイツースクード,7-5,35.4,381.3,0,False,False,False
202605010306,3歳未勝利,2026/02/07,15,5,ハクシンスマイル,8-8,35.8,339.2,0,True,False,False
202605010306,3歳未勝利,2026/02/07,16,15,トーケンジンロック,16-16,36.3,178.2,0,False,False,False
202605010307,3歳1勝クラス,2026/02/07,1,8,マジッククッキー,8-9,35.3,2.7,140,False,True,False
202605010307,3歳1勝クラス,2026/02/07,2,14,フルミネブル,4-5,36.5,3.2,140,False,True,False
202605010307,3歳1勝クラス,2026/02/07,3,10,コックピットサイト,2-2,37.1,17.3,290,False,True,False
202605010307,3歳1勝クラス,2026/02/07,4,9,リフレックス,1-1,37.5,39.2,0,False,False,False
202605010307,3歳1勝クラス,2026/02/07,5,5,グラティアム,12-14,36.0,77.8,0,False,True,False
202605010307,3歳1勝クラス,2026/02/07,6,3,スターオブロンドン,8-7,37.0,8.4,0,False,False,False
202605010307,3歳1勝クラス,2026/02/07,7,1,ジェイエルキャリア,13-11,36.4,161.7,0,False,False,False
202605010307,3歳1勝クラス,2026/02/07,8,2,アイスメルティング,10-10,36.8,16.0,0,False,True,False
202605010307,3歳1勝クラス,2026/02/07,9,7,ゼファーテソーロ,4-3,37.5,39.7,0,False,False,False
202605010307,3歳1勝クラス,2026/02/07,10,11,ウィッキドピケット,4-5,38.2,8.7,0,True,False,False
202605010307,3歳1勝クラス,2026/02/07,11,4,エスシーレイジュ,14-11,37.4,106.3,0,False,True,False
202605010307,3歳1勝クラス,2026/02/07,12,6,ピュール,11-11,37.6,194.7,0,True,False,False
202605010307,3歳1勝クラス,2026/02/07,13,13,カセノアステリア,2-3,38.8,7.9,0,False,True,False
202605010307,3歳1勝クラス,2026/02/07,14,12,ムーンブランシュ,4-7,38.8,42.8,0,False,True,False
202606010101,3歳未勝利,2026/01/04,1,14,フュルスティン,2-1,38.9,1.4,110,False,True,False
202606010101,3歳未勝利,2026/01/04,2,15,プラチナムディスク,7-5,38.4,25.9,330,False,False,False
202606010101,3歳未勝利,2026/01/04,3,16,アクロスメモリア,5-3,39.2,14.3,220,False,False,False
202606010101,3歳未勝利,2026/01/04,4,12,レースクイーン,5-7,39.4,161.0,0,False,False,False
202606010101,3歳未勝利,2026/01/04,5,7,ラストシャイニー,8-8,39.2,22.4,0,False,False,False
202606010101,3歳未勝利,2026/01/04,6,6,バーヴァンシー,15-15,38.5,54.4,0,False,True,False
202606010101,3歳未勝利,2026/01/04,7,4,マメーアップル,3-3,40.1,7.9,0,False,True,False
202606010101,3歳未勝利,2026/01/04,8,11,マリノレーヴェ,10-9,39.3,7.1,0,False,True,False
202606010101,3歳未勝利,2026/01/04,9,5,メインテーマ,1-2,40.6,43.3,0,False,False,False
202606010101,3歳未勝利,2026/01/04,10,13,ミルトメロディー,4-5,40.6,49.6,0,False,False,False
202606010101,3歳未勝利,2026/01/04,11,3,ファストワーカー,10-13,40.1,78.0,0,True,False,False
202606010101,3歳未勝利,2026/01/04,12,9,タマモシルエット,10-10,40.2,22.4,0,False,True,False
202606010101,3歳未勝利,2026/01/04,13,10,ウィザードオブマリ,10-10,40.4,266.3,0,False,False,False
202606010101,3歳未勝利,2026/01/04,14,1,ジーナグレイス,14-13,40.6,118.8,0,False,False,False
202606010101,3歳未勝利,2026/01/04,15,8,トウシンラヴ,8-10,41.5,46.6,0,False,False,False
202606010101,3歳未勝利,2026/01/04,16,2,フロリスタン,15-15,41.6,362.7,0,True,False,False
202606010102,3歳未勝利,2026/01/04,1,4,フィンガー,1-1-1-1,37.9,1.3,100,False,True,False
202606010102,3歳未勝利,2026/01/04,2,8,ニシノモリミチ,2-2-2-2,39.6,6.9,150,False,False,False
202606010102,3歳未勝利,2026/01/04,3,7,ゴーフォアブローク,7-7-7-7,39.5,6.1,120,False,False,False
202606010102,3歳未勝利,2026/01/04,4,2,オルブライト,10-10-10-5,39.3,13.0,0,True,False,False
202606010102,3歳未勝利,2026/01/04,5,13,シンエンドーツダ,8-9-9-9,39.9,39.1,0,False,False,False
202606010102,3歳未勝利,2026/01/04,6,6,タイガーゲイト,3-3-4-5,40.9,206.5,0,True,False,False
202606010102,3歳未勝利,2026/01/04,7,1,クリュメノス,13-13-12-12,40.0,117.6,0,False,True,False
202606010102,3歳未勝利,2026/01/04,8,3,インスウィング,3-3-3-3,41.3,195.2,0,True,False,False
202606010102,3歳未勝利,2026/01/04,9,9,タニセンローマ,3-3-4-9,41.5,51.3,0,True,False,False
202606010102,3歳未勝利,2026/01/04,10,12,トーセンシーギリヤ,6-6-4-3,41.9,144.9,0,False,False,False
202606010102,3歳未勝利,2026/01/04,11,10,モリインビクタス,12-12-11-11,41.1,184.1,0,True,False,False
202606010102,3歳未勝利,2026/01/04,12,5,ブルージェネシス,8-7-7-7,43.2,22.8,0,False,False,False
202606010102,3歳未勝利,2026/01/04,13,11,クラウンプレゼンタ,11-11-13-13,42.0,258.3,0,True,False,False
202606010103,3歳新馬,2026/01/04,1,14,エアサロメ,2-2,37.7,8.3,250,False,False,False
202606010103,3歳新馬,2026/01/04,2,13,ベセル,3-3,38.6,12.8,300,False,False,False
202606010103,3歳新馬,2026/01/04,3,16,アンチェーン,3-5,39.4,3.4,150,False,False,False
202606010103,3歳新馬,2026/01/04,4,12,シンクシビリティ,6-5,39.1,103.3,0,False,False,False
202606010103,3歳新馬,2026/01/04,5,3,マイニオサラスタス,5-4,39.2,71.4,0,False,False,False
202606010103,3歳新馬,2026/01/04,6,9,ブロッコロ,9-7,39.0,56.6,0,False,False,False
202606010103,3歳新馬,2026/01/04,7,15,スナップジジ,1-1,40.5,72.5,0,False,False,False
202606010103,3歳新馬,2026/01/04,8,4,アスクホープマン,15-15,37.5,24.4,0,False,False,False
202606010103,3歳新馬,2026/01/04,9,2,イセッセイ,7-7,39.7,118.5,0,False,False,False
202606010103,3歳新馬,2026/01/04,10,1,ボビネット,14-14,38.2,102.0,0,False,False,False
202606010103,3歳新馬,2026/01/04,11,7,デザートイーグル,7-7,39.8,2.6,0,False,False,False
202606010103,3歳新馬,2026/01/04,12,11,ニシノラン,9-10,39.6,5.1,0,False,False,False
202606010103,3歳新馬,2026/01/04,13,8,ファイナルフォーム,12-12,39.3,28.6,0,False,False,False
202606010103,3歳新馬,2026/01/04,14,10,ティスマイル,13-12,39.7,29.5,0,False,False,False
202606010103,3歳新馬,2026/01/04,15,6,エールオンマインド,11-10,40.8,110.3,0,False,False,False
202606010103,3歳新馬,2026/01/04,除,5,ディルガーム,,,---,0,False,False,False
202606010104,3歳未勝利,2026/01/04,1,7,サトノリシャール,7-7-4-2,40.5,4.1,150,True,False,False
202606010104,3歳未勝利,2026/01/04,2,2,パラダイスフェイス,9-9-8-5,40.0,20.9,350,False,False,False
202606010104,3歳未勝利,2026/01/04,3,5,カシマライフウ,8-8-6-5,41.0,2.9,130,False,True,False
202606010104,3歳未勝利,2026/01/04,4,9,ニシノロッドマン,10-10-10-9,40.4,63.8,0,True,False,False
202606010104,3歳未勝利,2026/01/04,5,4,コイオステソーロ,1-1-1-1,41.6,16.4,0,True,False,False
202606010104,3歳未勝利,2026/01/04,6,8,アラビアンドリーム,2-2-2-2,41.9,2.7,0,False,True,False
202606010104,3歳未勝利,2026/01/04,7,1,ガーディアンテイル,5-4-4-5,41.8,28.7,0,False,False,False
202606010104,3歳未勝利,2026/01/04,8,3,コスモラムバック,12-12-12-12,41.1,72.9,0,False,False,False
202606010104,3歳未勝利,2026/01/04,9,12,コパノミラノ,6-6-8-8,43.1,100.9,0,False,False,False
202606010104,3歳未勝利,2026/01/04,10,11,マオノムサシ,2-2-2-2,44.0,40.7,0,True,False,False
202606010104,3歳未勝利,2026/01/04,11,10,オーパパ,2-4-6-9,44.2,9.9,0,False,True,False
202606010104,3歳未勝利,2026/01/04,12,6,シャトーベスト,11-11-11-11,43.8,313.9,0,False,False,False
202606010105,3歳未勝利,2026/01/04,1,16,タイセイアストロ,10-7-5,34.8,3.5,170,True,True,True
202606010105,3歳未勝利,2026/01/04,2,5,ナイスプレーアスク,1-1-1,35.6,13.2,420,False,False,False
202606010105,3歳未勝利,2026/01/04,3,9,レヴェランジェ,4-5-5,35.3,10.0,260,False,False,False
202606010105,3歳未勝利,2026/01/04,4,12,ニシノマーレ,2-3-2,35.6,9.4,0,True,False,False
202606010105,3歳未勝利,2026/01/04,5,3,ベアサナエチャン,4-3-4,35.6,3.0,0,False,True,False
202606010105,3歳未勝利,2026/01/04,6,2,ブラーヴジャン,10-11-12,34.9,23.3,0,False,True,False
202606010105,3歳未勝利,2026/01/04,7,11,ミナヅキ,6-7-9,35.3,5.9,0,True,True,True
202606010105,3歳未勝利,2026/01/04,8,8,エルミー,9-7-8,35.5,16.6,0,False,True,False
202606010105,3歳未勝利,2026/01/04,9,4,モウエエデショー,14-13-9,35.1,41.9,0,False,True,False
202606010105,3歳未勝利,2026/01/04,10,14,ユイノナナフシギ,6-7-9,35.9,171.2,0,True,False,False
202606010105,3歳未勝利,2026/01/04,11,13,ソロイノシタク,10-11-13,35.8,325.6,0,True,False,False
202606010105,3歳未勝利,2026/01/04,12,7,コスモシグルン,2-2-2,36.9,33.3,0,False,False,False
202606010105,3歳未勝利,2026/01/04,13,10,チェリーブルーム,13-15-15,35.4,240.2,0,False,False,False
202606010105,3歳未勝利,2026/01/04,14,1,オーシャンドリーム,14-13-14,35.9,207.7,0,False,False,False
202606010105,3歳未勝利,2026/01/04,15,15,ロッククライム,16-15-16,35.4,90.3,0,False,False,False
202606010105,3歳未勝利,2026/01/04,16,6,ディアファニス,6-5-5,36.7,166.5,0,False,False,False
202606010106,3歳新馬,2026/01/04,1,8,トップオブザライン,4-3-3-3,35.3,15.9,510,False,False,False
202606010106,3歳新馬,2026/01/04,2,10,トライアンドエラー,1-1-1-1,35.7,49.0,1760,False,False,False
202606010106,3歳新馬,2026/01/04,3,12,カズシ,12-12-12-9,34.8,61.3,1410,False,False,False
202606010106,3歳新馬,2026/01/04,4,17,ダイナソーコー,3-3-3-3,35.5,11.9,0,False,False,False
202606010106,3歳新馬,2026/01/04,5,11,ロジマギー,2-2-2-2,35.7,6.3,0,False,False,False
202606010106,3歳新馬,2026/01/04,6,3,ルシアージュ,6-6-5-5,35.3,18.1,0,False,False,False
202606010106,3歳新馬,2026/01/04,7,14,オービタルピリオド,12-13-13-12,34.6,4.6,0,False,False,False
202606010106,3歳新馬,2026/01/04,8,7,ベイツリー,16-16-14-12,34.9,21.4,0,False,False,False
202606010106,3歳新馬,2026/01/04,9,5,タカイチアメリカン,6-6-5-5,35.8,7.8,0,False,False,False
202606010106,3歳新馬,2026/01/04,10,2,アオゾラランチ,9-9-10-9,35.4,34.4,0,False,False,False
202606010106,3歳新馬,2026/01/04,11,15,クラックミーアップ,9-9-9-9,35.6,22.6,0,False,False,False
202606010106,3歳新馬,2026/01/04,12,4,サトノリアファル,14-14-15-15,34.9,11.6,0,False,False,False
202606010106,3歳新馬,2026/01/04,13,13,マイネルラジェム,6-6-5-8,36.3,53.5,0,False,False,False
202606010106,3歳新馬,2026/01/04,14,9,ドウカキミニトドケ,4-5-5-5,36.4,4.1,0,False,False,False
202606010106,3歳新馬,2026/01/04,15,6,アルタティール,15-14-15-16,36.4,84.2,0,False,False,False
202606010106,3歳新馬,2026/01/04,16,1,ルベライトテソーロ,9-9-10-12,37.8,99.3,0,False,False,False
202606010106,3歳新馬,2026/01/04,17,16,ダイビングキャッチ,17-17-17-17,38.4,33.2,0,False,False,False
202606010107,4歳以上1勝クラス,2026/01/04,1,13,バタール,5-5-3-2,39.3,1.6,120,False,True,False
202606010107,4歳以上1勝クラス,2026/01/04,2,16,インテルメディオ,4-4-5-4,39.4,17.4,420,True,False,False
202606010107,4歳以上1勝クラス,2026/01/04,3,1,ディースプレマシー,14-14-12-11,39.4,106.5,1760,True,False,False
202606010107,4歳以上1勝クラス,2026/01/04,4,4,ノアヴィヴァーチェ,12-12-13-11,39.3,16.5,0,False,False,False
202606010107,4歳以上1勝クラス,2026/01/04,5,6,カージオイド,6-6-8-8,39.6,9.8,0,True,False,False
202606010107,4歳以上1勝クラス,2026/01/04,6,15,ミヤジテン,11-11-13-11,39.4,140.7,0,False,True,False
202606010107,4歳以上1勝クラス,2026/01/04,7,5,ブレゲアン,16-15-15-14,39.0,10.5,0,False,True,False
202606010107,4歳以上1勝クラス,2026/01/04,8,2,テンミラージュ,9-9-8-8,40.1,120.5,0,True,False,False
202606010107,4歳以上1勝クラス,2026/01/04,9,8,ブレードサクセス,2-2-2-1,41.4,13.3,0,False,False,False
202606010107,4歳以上1勝クラス,2026/01/04,10,12,ネオシルバー,9-9-8-8,40.9,62.9,0,False,False,False
202606010107,4歳以上1勝クラス,2026/01/04,11,3,タキノボリ,8-6-5-5,41.3,14.5,0,True,True,True
202606010107,4歳以上1勝クラス,2026/01/04,12,14,マイネルレグルス,6-6-8-15,41.4,136.8,0,True,False,False
202606010107,4歳以上1勝クラス,2026/01/04,13,10,ハルノアラシ,13-12-5-5,41.9,17.6,0,True,False,False
202606010107,4歳以上1勝クラス,2026/01/04,14,7,ホウオウサムレット,1-1-1-2,42.5,11.4,0,False,False,False
202606010107,4歳以上1勝クラス,2026/01/04,15,9,ラムゼイテソーロ,3-3-3-5,42.1,142.0,0,True,False,False
202606010107,4歳以上1勝クラス,2026/01/04,16,11,ピコブルー,15-15-15-15,40.7,207.0,0,False,False,False
202606010108,4歳以上1勝クラス,2026/01/04,1,4,ラヴァグロウ,14-14,36.6,6.8,220,False,True,False
202606010108,4歳以上1勝クラス,2026/01/04,2,11,オオゾラヒバリ,9-9,37.4,21.5,460,False,True,False
202606010108,4歳以上1勝クラス,2026/01/04,3,12,レインボーラッキー,12-12,37.1,14.8,490,True,False,False
202606010108,4歳以上1勝クラス,2026/01/04,4,2,ルーフオブヘヴン,9-9,37.5,16.7,0,False,False,False
202606010108,4歳以上1勝クラス,2026/01/04,5,10,フォンメイリー,5-5,38.2,12.9,0,False,False,False
202606010108,4歳以上1勝クラス,2026/01/04,6,9,スマイルディシー,14-15,36.8,109.3,0,False,False,False
202606010108,4歳以上1勝クラス,2026/01/04,7,8,トキメキジニア,16-15,36.7,202.9,0,False,False,False
202606010108,4歳以上1勝クラス,2026/01/04,8,3,フラッシュポイント,7-7,38.1,3.5,0,False,False,False
202606010108,4歳以上1勝クラス,2026/01/04,9,6,クイーンアポーン,11-11,37.7,180.7,0,False,False,False
202606010108,4歳以上1勝クラス,2026/01/04,10,13,アイドル,2-3,38.7,8.5,0,False,False,False
202606010108,4歳以上1勝クラス,2026/01/04,11,1,ブルスケッタ,12-12,37.6,210.7,0,True,False,False
202606010108,4歳以上1勝クラス,2026/01/04,12,7,ブエナディオサ,7-7,38.3,55.1,0,False,False,False
202606010108,4歳以上1勝クラス,2026/01/04,13,16,シンガソング,2-1,39.4,69.7,0,False,False,False
202606010108,4歳以上1勝クラス,2026/01/04,14,5,ヒットミー,5-5,39.2,9.9,0,False,False,False
202606010108,4歳以上1勝クラス,2026/01/04,15,15,デルマエアロール,2-2,39.4,7.9,0,False,False,False
202606010108,4歳以上1勝クラス,2026/01/04,16,14,パレスドフィーヌ,1-3,40.3,5.8,0,False,False,False
202606010109,招福ステークス(3勝),2026/01/04,1,3,アスクデビューモア,11-11-2-1,38.1,11.0,280,False,True,False
202606010109,招福ステークス(3勝),2026/01/04,2,4,ゴールドアローン,6-6-7-6,38.0,22.6,380,False,True,False
202606010109,招福ステークス(3勝),2026/01/04,3,10,バギーウィップ,5-5-5-3,38.4,2.6,170,False,False,False
202606010109,招福ステークス(3勝),2026/01/04,4,2,デコラシオン,3-4-5-3,38.5,3.3,0,False,True,False
202606010109,招福ステークス(3勝),2026/01/04,5,6,ギーロカスタル,8-8-7-6,38.4,131.1,0,True,False,False
202606010109,招福ステークス(3勝),2026/01/04,6,11,リバートゥルー,8-8-10-10,38.3,6.5,0,True,False,False
202606010109,招福ステークス(3勝),2026/01/04,7,7,タンゴバイラリン,7-7-7-6,38.7,16.5,0,False,False,False
202606010109,招福ステークス(3勝),2026/01/04,8,8,カネトシブルーム,2-2-2-9,40.6,115.7,0,True,False,False
202606010109,招福ステークス(3勝),2026/01/04,9,5,ウィステリアリヴァ,1-1-1-2,40.7,6.6,0,False,False,False
202606010109,招福ステークス(3勝),2026/01/04,10,1,グランツアーテム,10-8-11-11,39.8,127.3,0,True,False,False
202606010109,招福ステークス(3勝),2026/01/04,11,9,アンジュフィールド,3-3-2-3,41.2,17.4,0,False,False,False
202606010110,ジュニアカップ(L),2026/01/04,1,4,リゾートアイランド,3-3-3,34.9,2.3,110,False,False,False
202606010110,ジュニアカップ(L),2026/01/04,2,5,サレジオ,6-6-4,34.4,3.3,110,False,False,False
202606010110,ジュニアカップ(L),2026/01/04,3,7,ジーティーシンドウ,2-2-2,35.1,3.8,110,False,True,False
202606010110,ジュニアカップ(L),2026/01/04,4,6,グランセレスト,1-1-1,35.2,31.1,0,False,False,False
202606010110,ジュニアカップ(L),2026/01/04,5,1,コスモギガンティア,8-8-8,33.9,45.0,0,False,True,False
202606010110,ジュニアカップ(L),2026/01/04,6,8,オーライカモン,3-3-4,35.1,15.3,0,False,False,False
202606010110,ジュニアカップ(L),2026/01/04,7,2,マーゴットブロー,5-5-6,35.0,7.1,0,False,False,False
202606010110,ジュニアカップ(L),2026/01/04,8,3,フレンドモナコ,6-6-7,35.0,97.1,0,False,True,False
202606010111,第75回日刊スポ賞中山金杯(GIII),2026/01/04,1,11,カラマティアノス,4-4-3-2,34.4,14.8,370,False,False,False
202606010111,第75回日刊スポ賞中山金杯(GIII),2026/01/04,2,2,アンゴラブラック,5-6-7-5,34.1,3.2,150,False,False,False
202606010111,第75回日刊スポ賞中山金杯(GIII),2026/01/04,3,8,グランディア,8-9-9-9,34.0,7.8,230,False,True,False
202606010111,第75回日刊スポ賞中山金杯(GIII),2026/01/04,4,3,カネラフィーナ,8-9-9-9,34.2,4.6,0,True,True,True
202606010111,第75回日刊スポ賞中山金杯(GIII),2026/01/04,5,5,ピースワンデュック,1-1-1-1,35.0,11.0,0,False,False,False
202606010111,第75回日刊スポ賞中山金杯(GIII),2026/01/04,6,14,リカンカブール,2-2-2-2,34.9,39.1,0,True,False,False
202606010111,第75回日刊スポ賞中山金杯(GIII),2026/01/04,7,10,リフレーミング,13-12-11-9,34.0,98.9,0,True,False,False
202606010111,第75回日刊スポ賞中山金杯(GIII),2026/01/04,8,12,マイネルモーント,5-5-5-4,34.7,25.7,0,True,False,False
202606010111,第75回日刊スポ賞中山金杯(GIII),2026/01/04,9,4,ブランデーロック,12-12-13-12,34.2,95.9,0,False,False,False
202606010111,第75回日刊スポ賞中山金杯(GIII),2026/01/04,10,9,マイネルオーシャン,11-11-11-12,34.3,18.4,0,True,False,False
202606010111,第75回日刊スポ賞中山金杯(GIII),2026/01/04,11,7,ウエストナウ,8-6-5-7,34.8,25.6,0,True,False,False
202606010111,第75回日刊スポ賞中山金杯(GIII),2026/01/04,12,1,ケイアイセナ,2-2-3-5,35.2,6.7,0,False,False,False
202606010111,第75回日刊スポ賞中山金杯(GIII),2026/01/04,13,13,シリウスコルト,7-8-7-7,34.8,13.6,0,True,False,False
202606010111,第75回日刊スポ賞中山金杯(GIII),2026/01/04,14,6,ニシノエージェント,13-12-14-14,34.3,22.3,0,False,False,False
202606010112,4歳以上2勝クラス,2026/01/04,1,13,スリーピース,2-2,36.2,8.2,210,True,True,True
202606010112,4歳以上2勝クラス,2026/01/04,2,3,ジャスパーソレイユ,1-1,36.5,4.6,170,False,False,False
202606010112,4歳以上2勝クラス,2026/01/04,3,16,ショウナンハクウン,3-3,36.4,4.2,150,False,True,False
202606010112,4歳以上2勝クラス,2026/01/04,4,4,タイセイピューマ,7-6,36.2,15.7,0,False,True,False
202606010112,4歳以上2勝クラス,2026/01/04,5,5,ケープアグラス,4-4,36.5,54.8,0,True,False,False
202606010112,4歳以上2勝クラス,2026/01/04,6,15,ラーナローザ,7-8,36.4,7.3,0,True,True,True
202606010112,4歳以上2勝クラス,2026/01/04,7,2,テセラリアン,4-4,36.6,6.6,0,False,False,False
202606010112,4歳以上2勝クラス,2026/01/04,8,8,ヴィクトリーロード,10-10,36.3,66.9,0,False,False,False
202606010112,4歳以上2勝クラス,2026/01/04,9,11,ヴェルトラウム,12-12,36.3,91.8,0,True,False,False
202606010112,4歳以上2勝クラス,2026/01/04,10,9,モリノセピア,10-10,36.5,5.4,0,False,True,False
202606010112,4歳以上2勝クラス,2026/01/04,11,7,クラリティスケール,13-13,36.2,76.2,0,False,True,False
202606010112,4歳以上2勝クラス,2026/01/04,12,6,ヒストリアイ,13-14,36.6,26.1,0,True,False,False
202606010112,4歳以上2勝クラス,2026/01/04,13,1,バンブトンプロ,7-6,37.5,246.3,0,False,False,False
202606010112,4歳以上2勝クラス,2026/01/04,14,14,ロッカバイベイビー,6-8,38.0,29.3,0,False,False,False
202606010112,4歳以上2勝クラス,2026/01/04,15,10,コスタデラルス,15-15,37.2,184.5,0,False,False,False
202606010112,4歳以上2勝クラス,2026/01/04,16,12,グリーンライズ,16-16,36.9,223.1,0,False,False,False
202606010201,3歳未勝利,2026/01/05,1,5,ヴァイオスペース,2-2,37.6,5.9,240,False,False,False
202606010201,3歳未勝利,2026/01/05,2,6,サトノエスケープ,5-5,37.3,2.9,130,False,False,False
202606010201,3歳未勝利,2026/01/05,3,11,エコロバロン,12-10,37.3,8.3,220,False,False,False
202606010201,3歳未勝利,2026/01/05,4,16,ベアゴーフォー,3-3,38.2,34.0,0,False,False,False
202606010201,3歳未勝利,2026/01/05,5,2,バル,3-3,38.2,35.3,0,True,False,False
202606010201,3歳未勝利,2026/01/05,6,7,ドリームガッサン,10-9,37.9,64.8,0,False,False,False
202606010201,3歳未勝利,2026/01/05,7,8,エクスプレスナイト,5-6,38.5,44.4,0,True,False,False
202606010201,3歳未勝利,2026/01/05,8,4,デアトゥノウ,1-1,38.9,110.9,0,True,False,False
202606010201,3歳未勝利,2026/01/05,9,14,カシノハンゾウ,15-14,37.8,186.7,0,False,False,False
202606010201,3歳未勝利,2026/01/05,10,12,フレンチブラッサム,5-6,38.9,11.5,0,False,False,False
202606010201,3歳未勝利,2026/01/05,11,9,フクノエルデ,12-11,38.5,9.8,0,False,True,False
202606010201,3歳未勝利,2026/01/05,12,3,ジャガーライズ,9-8,39.1,4.1,0,False,False,False
202606010201,3歳未勝利,2026/01/05,13,13,オスロクィーン,14-14,38.5,27.4,0,True,False,False
202606010201,3歳未勝利,2026/01/05,14,10,ダイコクヤタエモン,10-11,39.6,30.6,0,True,False,False
202606010201,3歳未勝利,2026/01/05,15,1,ストライプブルー,5-11,40.4,208.8,0,True,False,False
202606010201,3歳未勝利,2026/01/05,16,15,フックセンチョウ,16-16,38.8,173.2,0,False,False,False
202606010202,3歳未勝利,2026/01/05,1,12,ラングドシャ,2-2-2-1,40.6,5.0,170,True,False,False
202606010202,3歳未勝利,2026/01/05,2,6,イサチルクイーン,1-1-1-2,41.2,3.7,140,True,True,True
202606010202,3歳未勝利,2026/01/05,3,5,ルミテュット,5-5-3-3,41.4,3.4,140,False,True,False
202606010202,3歳未勝利,2026/01/05,4,14,フォルマシオン,6-6-5-5,41.1,5.7,0,True,False,False
202606010202,3歳未勝利,2026/01/05,5,15,パルミエ,12-12-9-7,40.6,11.5,0,True,False,False
202606010202,3歳未勝利,2026/01/05,6,1,ウォータースパウト,8-11-6-6,41.3,20.3,0,True,False,False
202606010202,3歳未勝利,2026/01/05,7,8,アンファール,8-9-9-7,41.1,105.5,0,True,False,False
202606010202,3歳未勝利,2026/01/05,8,10,キタノマテンロウ,14-14-14-10,41.2,39.4,0,False,False,False
202606010202,3歳未勝利,2026/01/05,9,4,オリエンタルガール,3-3-4-4,42.9,130.3,0,True,False,False
202606010202,3歳未勝利,2026/01/05,10,9,ディレクティオ,12-12-9-11,42.3,24.5,0,False,False,False
202606010202,3歳未勝利,2026/01/05,11,3,ライブリピュア,14-14-14-13,41.9,196.3,0,True,False,False
202606010202,3歳未勝利,2026/01/05,12,11,エンゼルランプ,16-16-16-16,41.6,232.4,0,True,False,False
202606010202,3歳未勝利,2026/01/05,13,2,ブリスフルイヤー,6-6-7-9,42.5,20.0,0,True,False,False
202606010202,3歳未勝利,2026/01/05,14,7,リュウノプティ,8-9-13-15,43.4,35.0,0,True,False,False
202606010202,3歳未勝利,2026/01/05,15,16,ゴールドソシアル,8-8-9-13,44.0,201.2,0,True,False,False
202606010202,3歳未勝利,2026/01/05,16,13,レイナロハルンバ,3-3-7-11,44.1,160.6,0,False,False,False
202606010203,3歳未勝利,2026/01/05,1,3,カフェラジェム,1-1-1-1,39.5,1.7,110,False,True,False
202606010203,3歳未勝利,2026/01/05,2,7,スノースコール,2-2-2-2,39.8,13.0,160,True,False,False
202606010203,3歳未勝利,2026/01/05,3,10,キセログラフィカ,3-2-3-3,39.8,4.2,120,True,False,False
202606010203,3歳未勝利,2026/01/05,4,5,クリムゾンリーフ,5-5-5-4,40.2,17.7,0,True,True,True
202606010203,3歳未勝利,2026/01/05,5,8,セブンワンダーズ,6-6-5-5,40.8,84.5,0,False,False,False
202606010203,3歳未勝利,2026/01/05,6,6,ザンテソーロ,11-11-11-9,40.0,153.5,0,True,False,False
202606010203,3歳未勝利,2026/01/05,7,12,サンタピア,9-9-8-7,41.4,161.4,0,True,False,False
202606010203,3歳未勝利,2026/01/05,8,1,ロジキセキ,12-12-12-11,40.7,144.0,0,True,False,False
202606010203,3歳未勝利,2026/01/05,9,4,エラルディーク,8-7-5-7,41.8,34.9,0,False,False,False
202606010203,3歳未勝利,2026/01/05,10,11,パテントプール,3-2-3-5,42.3,5.7,0,False,False,False
202606010203,3歳未勝利,2026/01/05,11,2,トーセンブリラーレ,7-8-10-11,41.9,51.8,0,False,False,False
202606010203,3歳未勝利,2026/01/05,12,9,ミアエッテ,10-10-9-9,44.0,19.8,0,False,False,False
202606010204,4歳以上1勝クラス,2026/01/05,1,11,キャストロププ,9-9-2-2,40.1,1.5,110,True,True,True
202606010204,4歳以上1勝クラス,2026/01/05,2,1,スマートクオーレ,7-7-7-7,40.1,14.6,220,True,False,False
202606010204,4歳以上1勝クラス,2026/01/05,3,13,ステイアンビシャス,13-12-4-4,40.4,12.8,170,True,True,True
202606010204,4歳以上1勝クラス,2026/01/05,4,3,ブレイクザアイス,7-7-2-2,41.4,40.2,0,False,False,False
202606010204,4歳以上1勝クラス,2026/01/05,5,10,リボルトバレット,3-3-1-1,41.9,43.2,0,True,False,False
202606010204,4歳以上1勝クラス,2026/01/05,6,6,マウントバーノン,4-4-4-5,41.8,10.0,0,True,False,False
202606010204,4歳以上1勝クラス,2026/01/05,7,9,ロードアフェット,10-11-7-7,41.9,47.8,0,False,False,False
202606010204,4歳以上1勝クラス,2026/01/05,8,4,ファミーユウルーズ,5-4-9-9,42.5,13.4,0,False,False,False
202606010204,4歳以上1勝クラス,2026/01/05,9,7,カイトヴィント,2-2-4-5,43.1,47.5,0,False,False,False
202606010204,4歳以上1勝クラス,2026/01/05,10,12,フォレストゲート,10-12-9-9,43.0,115.4,0,True,False,False
202606010204,4歳以上1勝クラス,2026/01/05,11,8,チビノシエラザード,10-9-12-11,43.0,36.4,0,False,True,False
202606010204,4歳以上1勝クラス,2026/01/05,12,5,ウインイメル,5-6-11-12,43.2,25.7,0,True,False,False
202606010204,4歳以上1勝クラス,2026/01/05,13,2,アルデツヨシ,1-1-13-13,44.0,9.0,0,False,False,False
202606010205,3歳新馬,2026/01/05,1,12,デイトナチャンプ,4-4-3,35.2,2.5,130,False,False,False
202606010205,3歳新馬,2026/01/05,2,10,ココナッツコースト,2-2-2,35.7,2.7,120,False,False,False
202606010205,3歳新馬,2026/01/05,3,3,トルークマクト,7-10-9,34.9,12.0,200,False,False,False
202606010205,3歳新馬,2026/01/05,4,15,アステリアート,11-4-5,35.7,128.4,0,False,False,False
202606010205,3歳新馬,2026/01/05,5,7,タッカーヴァンバン,13-8-7,35.3,17.6,0,False,False,False
202606010205,3歳新馬,2026/01/05,6,4,ブレイヴソルジャー,1-1-1,36.4,6.5,0,False,False,False
202606010205,3歳新馬,2026/01/05,7,11,ヴァルカンテソーロ,11-10-9,35.4,77.1,0,False,False,False
202606010205,3歳新馬,2026/01/05,8,9,ハートチャン,7-4-6,36.2,91.6,0,False,False,False
202606010205,3歳新馬,2026/01/05,9,1,モナート,4-7-7,36.3,132.0,0,False,False,False
202606010205,3歳新馬,2026/01/05,10,13,レガリーノ,16-16-15,35.5,61.2,0,False,False,False
202606010205,3歳新馬,2026/01/05,11,2,イヌボウノサザナミ,7-10-11,36.4,40.7,0,False,False,False
202606010205,3歳新馬,2026/01/05,12,8,キタノタイキ,13-14-13,36.2,143.0,0,False,False,False
202606010205,3歳新馬,2026/01/05,13,5,ウインシャリーフ,13-14-14,36.4,73.7,0,False,False,False
202606010205,3歳新馬,2026/01/05,14,14,スプリングドリーム,2-3-3,37.8,10.1,0,False,False,False
202606010205,3歳新馬,2026/01/05,15,16,エスシーケイミー,7-8-11,37.8,135.4,0,False,False,False
202606010205,3歳新馬,2026/01/05,16,6,ゴーゴーパンチ,4-10-16,39.3,144.7,0,False,False,False
202606010206,3歳未勝利,2026/01/05,1,12,イモータリス,11-12-12-9,35.1,5.7,200,True,True,True
202606010206,3歳未勝利,2026/01/05,2,10,ウィロークリーク,2-2-2-1,36.2,2.9,150,False,True,False
202606010206,3歳未勝利,2026/01/05,3,7,サトノワーグナー,12-9-9-6,35.6,31.4,630,False,False,False
202606010206,3歳未勝利,2026/01/05,4,9,クオンタムスター,9-9-9-13,35.9,18.7,0,False,False,False
202606010206,3歳未勝利,2026/01/05,5,2,キンググローリー,4-3-3-4,36.3,29.5,0,False,False,False
202606010206,3歳未勝利,2026/01/05,6,4,プレイザリード,9-7-8-6,36.4,4.0,0,False,True,False
202606010206,3歳未勝利,2026/01/05,7,1,ギルドホール,14-13-12-9,36.0,48.9,0,False,False,False
202606010206,3歳未勝利,2026/01/05,8,18,ラスターヴァース,13-13-12-14,35.9,117.2,0,True,True,True
202606010206,3歳未勝利,2026/01/05,9,15,イブキ,14-15-17-18,35.6,5.8,0,False,False,False
202606010206,3歳未勝利,2026/01/05,10,13,アッパーウォーター,7-7-5-4,36.6,11.5,0,True,False,False
202606010206,3歳未勝利,2026/01/05,11,14,マイネルゼーロス,2-3-3-2,36.9,144.6,0,False,False,False
202606010206,3歳未勝利,2026/01/05,12,3,マイネルミラケル,16-16-15-9,36.0,239.1,0,True,False,False
202606010206,3歳未勝利,2026/01/05,13,17,ボグラーモデル,4-6-5-6,36.8,389.4,0,True,False,False
202606010206,3歳未勝利,2026/01/05,14,5,ナハトナナレオン,18-18-17-14,36.0,59.0,0,False,True,False
202606010206,3歳未勝利,2026/01/05,15,8,ポポラヴィスタ,1-1-1-2,37.6,292.0,0,False,False,False
202606010206,3歳未勝利,2026/01/05,16,16,マイネルリーヒム,8-9-9-17,37.0,104.1,0,True,False,False
202606010206,3歳未勝利,2026/01/05,17,6,マーゴットライズ,16-17-15-14,36.7,27.8,0,True,False,False
202606010206,3歳未勝利,2026/01/05,18,11,レディトゥランブル,6-5-5-9,38.9,140.4,0,False,True,False
202606010207,3歳1勝クラス,2026/01/05,1,2,ステラスペース,1-1-1-1,36.1,13.8,290,False,False,False
202606010207,3歳1勝クラス,2026/01/05,2,8,フロレセール,3-3-3-2,35.9,2.7,140,False,True,False
202606010207,3歳1勝クラス,2026/01/05,3,7,チャリングクロス,8-8-6-5,35.8,5.4,170,False,True,False
202606010207,3歳1勝クラス,2026/01/05,4,9,ユメシルベ,7-7-8-5,35.8,14.4,0,False,True,False
202606010207,3歳1勝クラス,2026/01/05,5,3,アンソニー,9-9-8-9,35.9,5.8,0,True,True,True
202606010207,3歳1勝クラス,2026/01/05,6,1,コスモエルヴァル,4-4-4-2,36.3,45.9,0,False,False,False
202606010207,3歳1勝クラス,2026/01/05,7,6,セヴェロ,6-6-8-9,36.6,4.4,0,False,True,False
202606010207,3歳1勝クラス,2026/01/05,8,4,ヒシアムルーズ,4-4-6-5,36.9,9.3,0,False,False,False
202606010207,3歳1勝クラス,2026/01/05,9,5,サンブライト,2-2-4-5,37.9,34.1,0,False,False,False
202606010207,3歳1勝クラス,2026/01/05,10,10,ストロングエース,10-10-2-2,38.9,142.0,0,True,False,False
202606010208,中山新春ジャンプS(OP),2026/01/05,1,5,コンテナワールド,1-1-1-1,13.5,22.6,310,True,False,False
202606010208,中山新春ジャンプS(OP),2026/01/05,2,7,ディナースタ,5-5-5-4,13.5,1.5,110,True,True,True
202606010208,中山新春ジャンプS(OP),2026/01/05,3,6,フォージドブリック,2-2-2-2,13.5,12.0,220,False,True,False
202606010208,中山新春ジャンプS(OP),2026/01/05,4,4,ヘザルフェン,4-4-3-3,13.5,4.8,0,False,True,False
202606010208,中山新春ジャンプS(OP),2026/01/05,5,3,ソルアマゾン,7-6-6-6,13.6,44.7,0,False,True,False
202606010208,中山新春ジャンプS(OP),2026/01/05,6,8,デシマルサーガ,2-3-4-5,13.6,45.6,0,True,False,False
202606010208,中山新春ジャンプS(OP),2026/01/05,7,2,コパノニコルソン,7-8-6-7,13.7,5.8,0,False,True,False
202606010208,中山新春ジャンプS(OP),2026/01/05,8,9,ワールドスケール,7-9-8-8,13.7,40.4,0,False,True,False
202606010208,中山新春ジャンプS(OP),2026/01/05,9,1,クラウンセト,6-6-8-9,13.9,45.7,0,False,True,False
202606010209,初茜賞(2勝),2026/01/05,1,3,オーケーバーディー,1-1-1-1,38.7,15.9,380,True,False,False
202606010209,初茜賞(2勝),2026/01/05,2,12,サノノワンダー,3-3-2-3,39.0,3.0,130,False,True,False
202606010209,初茜賞(2勝),2026/01/05,3,8,アイウィル,5-5-6-3,38.9,9.5,220,True,False,False
202606010209,初茜賞(2勝),2026/01/05,4,10,セザンワールド,8-8-7-6,38.8,120.7,0,False,True,False
202606010209,初茜賞(2勝),2026/01/05,5,6,シンボリノエル,9-9-8-8,38.9,22.9,0,True,True,True
202606010209,初茜賞(2勝),2026/01/05,6,2,ナチュラルリバー,9-9-9-9,38.9,214.2,0,True,False,False
202606010209,初茜賞(2勝),2026/01/05,7,7,ライジンマル,6-5-5-7,40.0,21.9,0,False,False,False
202606010209,初茜賞(2勝),2026/01/05,8,9,サイモンソーラン,11-11-9-9,39.1,219.4,0,True,False,False
202606010209,初茜賞(2勝),2026/01/05,9,1,グレイスザクラウン,12-12-12-12,38.7,11.1,0,False,False,False
202606010209,初茜賞(2勝),2026/01/05,10,5,サムシャイン,3-3-2-2,40.6,2.3,0,False,False,False
202606010209,初茜賞(2勝),2026/01/05,11,4,ロンパイア,7-7-9-11,40.2,45.8,0,False,False,False
202606010209,初茜賞(2勝),2026/01/05,12,11,アメージング,2-2-2-5,41.4,9.5,0,True,False,False
202606010210,初日の出賞(2勝),2026/01/05,1,1,ダンツファイター,1-1-1-1,34.6,3.0,150,False,False,False
202606010210,初日の出賞(2勝),2026/01/05,2,11,タイセイリコルド,2-2-2-3,34.6,4.6,200,False,False,False
202606010210,初日の出賞(2勝),2026/01/05,3,3,ダイシンアポロン,9-9-8-8,34.2,11.2,260,False,False,False
202606010210,初日の出賞(2勝),2026/01/05,4,7,レイヤードレッド,2-2-2-2,34.8,7.8,0,True,False,False
202606010210,初日の出賞(2勝),2026/01/05,5,4,ジェットブレード,4-4-4-4,34.9,8.3,0,True,True,True
202606010210,初日の出賞(2勝),2026/01/05,6,10,ドゥカート,5-5-5-5,34.8,3.9,0,True,False,False
202606010210,初日の出賞(2勝),2026/01/05,7,12,ヴィブラツィオーネ,8-8-8-8,34.6,85.1,0,True,False,False
202606010210,初日の出賞(2勝),2026/01/05,8,6,コスモオピニオン,7-7-7-7,34.7,32.6,0,False,False,False
202606010210,初日の出賞(2勝),2026/01/05,9,5,マイネルフォルツァ,5-5-5-5,34.9,50.4,0,False,False,False
202606010210,初日の出賞(2勝),2026/01/05,10,9,アンテロース,11-11-11-10,34.7,21.3,0,False,False,False
202606010210,初日の出賞(2勝),2026/01/05,11,2,ラーテル,9-9-10-11,39.5,177.5,0,True,False,False
202606010210,初日の出賞(2勝),2026/01/05,取,8,オメガインペリアル,,,---,0,True,False,False
202606010211,サンライズステークス(3勝),2026/01/05,1,13,ウインアイオライト,7-7,34.2,15.6,560,False,False,False
202606010211,サンライズステークス(3勝),2026/01/05,2,11,イサチルシーサイド,1-1,34.9,17.4,490,True,False,False
202606010211,サンライズステークス(3勝),2026/01/05,3,12,アンビバレント,11-11,33.9,4.4,210,False,True,False
202606010211,サンライズステークス(3勝),2026/01/05,4,14,コスモアディラート,9-9,34.2,34.1,0,False,False,False
202606010211,サンライズステークス(3勝),2026/01/05,5,6,アンドアイラヴハー,3-3,35.0,5.2,0,False,False,False
202606010211,サンライズステークス(3勝),2026/01/05,6,3,マックアルイーン,12-11,34.1,3.6,0,False,False,False
202606010211,サンライズステークス(3勝),2026/01/05,7,4,ドーバーホーク,13-13,34.1,71.8,0,False,False,False
202606010211,サンライズステークス(3勝),2026/01/05,8,5,ライクアフラワー,14-14,33.8,15.4,0,False,False,False
202606010211,サンライズステークス(3勝),2026/01/05,9,7,スコーピオン,4-3,35.3,77.8,0,True,False,False
202606010211,サンライズステークス(3勝),2026/01/05,10,1,ショウナンラスボス,5-5,35.1,69.6,0,False,False,False
202606010211,サンライズステークス(3勝),2026/01/05,11,2,ダークエクリプス,7-7,35.1,22.9,0,False,True,False
202606010211,サンライズステークス(3勝),2026/01/05,12,8,スピードオブライト,5-5,35.6,31.3,0,False,False,False
202606010211,サンライズステークス(3勝),2026/01/05,13,10,レオテミス,9-9,35.5,5.7,0,False,False,False
202606010211,サンライズステークス(3勝),2026/01/05,14,9,アシャカタカ,2-2,36.4,19.7,0,True,False,False
202606010212,4歳以上1勝クラス,2026/01/05,1,12,ビーコング,2-2,36.9,4.6,210,False,False,False
202606010212,4歳以上1勝クラス,2026/01/05,2,2,フォースミラクル,7-6,36.7,6.8,260,False,True,False
202606010212,4歳以上1勝クラス,2026/01/05,3,7,リッキースタイル,2-2,37.2,13.8,340,False,False,False
202606010212,4歳以上1勝クラス,2026/01/05,4,10,ホウオウゴールド,13-10,36.2,5.6,0,False,False,False
202606010212,4歳以上1勝クラス,2026/01/05,5,14,カツノテンス,5-5,37.0,255.9,0,False,False,False
202606010212,4歳以上1勝クラス,2026/01/05,6,13,ブリングライト,15-16,35.9,11.0,0,False,True,False
202606010212,4歳以上1勝クラス,2026/01/05,7,5,カルネヴァーレ,15-15,36.0,62.3,0,False,True,False
202606010212,4歳以上1勝クラス,2026/01/05,8,11,ピコテンダー,12-10,36.8,2.4,0,True,True,True
202606010212,4歳以上1勝クラス,2026/01/05,9,6,アイスブレイカー,9-8,37.0,109.5,0,True,False,False
202606010212,4歳以上1勝クラス,2026/01/05,10,15,ブラックトルネード,2-2,37.8,166.6,0,True,False,False
202606010212,4歳以上1勝クラス,2026/01/05,11,9,イノキ,9-10,37.2,25.2,0,False,False,False
202606010212,4歳以上1勝クラス,2026/01/05,12,8,ルプランドル,13-14,37.0,172.0,0,True,False,False
202606010212,4歳以上1勝クラス,2026/01/05,13,16,アルシミスト,1-1,38.3,23.6,0,False,False,False
202606010212,4歳以上1勝クラス,2026/01/05,14,3,ミツカネリブラ,8-8,38.1,178.6,0,True,False,False
202606010212,4歳以上1勝クラス,2026/01/05,15,1,ハジメテノチュウ,5-7,38.8,188.4,0,True,False,False
202606010212,4歳以上1勝クラス,2026/01/05,16,4,エクストラチャージ,9-10,40.6,132.5,0,False,False,False
202606010301,3歳未勝利,2026/01/10,1,11,ライヴレッドアイ,1-1,38.1,1.4,100,False,False,False
202606010301,3歳未勝利,2026/01/10,2,8,カンレイスター,4-2,38.3,3.9,110,False,False,False
202606010301,3歳未勝利,2026/01/10,3,10,フェルアフリーゼ,5-6,38.4,27.8,210,True,False,False
202606010301,3歳未勝利,2026/01/10,4,16,オレンジリバー,5-4,38.8,33.7,0,False,True,False
202606010301,3歳未勝利,2026/01/10,5,3,ジャメビュ,12-11,37.9,36.7,0,True,False,False
202606010301,3歳未勝利,2026/01/10,6,1,キョウエイハル,9-9,38.5,111.4,0,True,False,False
202606010301,3歳未勝利,2026/01/10,7,13,オレンジキャンパス,2-2,39.3,16.5,0,True,False,False
202606010301,3歳未勝利,2026/01/10,8,2,コウソクユノ,12-12,38.2,43.5,0,False,True,False
202606010301,3歳未勝利,2026/01/10,9,14,ミッキーパラソル,5-4,39.2,14.2,0,False,True,False
202606010301,3歳未勝利,2026/01/10,10,6,ヴィビーム,10-10,38.8,37.1,0,False,False,False
202606010301,3歳未勝利,2026/01/10,11,15,ジョリュウジャンシ,8-7,39.6,394.5,0,False,False,False
202606010301,3歳未勝利,2026/01/10,12,5,フラゲルムデイ,15-15,38.1,438.5,0,True,False,False
202606010301,3歳未勝利,2026/01/10,13,7,チャーミングアイ,11-12,39.1,120.5,0,False,False,False
202606010301,3歳未勝利,2026/01/10,14,9,ローズライズ,15-15,38.2,97.9,0,False,False,False
202606010301,3歳未勝利,2026/01/10,15,4,ルージュノヴァ,14-14,38.5,357.3,0,True,False,False
202606010301,3歳未勝利,2026/01/10,16,12,ルクスアンジュ,2-7,41.8,56.8,0,True,False,False
202606010302,3歳未勝利,2026/01/10,1,2,ベルウッドピース,5-3-2-2,40.1,2.4,110,True,True,True
202606010302,3歳未勝利,2026/01/10,2,12,アルデキングダム,2-2-2-1,40.1,3.1,130,False,False,False
202606010302,3歳未勝利,2026/01/10,3,8,コパノエイダン,10-11-11-8,39.2,15.5,270,False,False,False
202606010302,3歳未勝利,2026/01/10,4,14,トップデュオ,5-6-2-3,40.5,16.7,0,True,False,False
202606010302,3歳未勝利,2026/01/10,5,3,ティラーノ,3-3-5-5,40.9,15.5,0,False,False,False
202606010302,3歳未勝利,2026/01/10,6,1,フーディエラン,7-7-7-7,40.7,18.8,0,False,True,False
202606010302,3歳未勝利,2026/01/10,7,15,ニシノロッドマン,3-3-5-6,41.5,10.5,0,False,True,False
202606010302,3歳未勝利,2026/01/10,8,16,カフェタンガロア,16-16-13-11,40.8,8.4,0,True,False,False
202606010302,3歳未勝利,2026/01/10,9,6,ビリージェイ,7-8-8-10,41.4,81.1,0,True,False,False
202606010302,3歳未勝利,2026/01/10,10,9,ジーティームーチョ,15-15-16-15,40.6,44.2,0,False,False,False
202606010302,3歳未勝利,2026/01/10,11,11,ウインデイブレイク,10-9-9-8,41.5,75.0,0,True,False,False
202606010302,3歳未勝利,2026/01/10,12,7,メイプルインパクト,14-14-12-14,41.3,234.8,0,True,False,False
202606010302,3歳未勝利,2026/01/10,13,4,レーヴドクロンヌ,12-12-13-12,41.3,237.5,0,False,False,False
202606010302,3歳未勝利,2026/01/10,14,5,ホッカイダイオー,13-12-13-15,41.6,173.7,0,True,False,False
202606010302,3歳未勝利,2026/01/10,15,13,ノーブルホライズン,1-1-1-3,44.2,221.6,0,True,False,False
202606010302,3歳未勝利,2026/01/10,16,10,スターゲイザー,9-9-9-12,43.5,178.4,0,False,False,False
202606010303,3歳未勝利,2026/01/10,1,12,コックピットサイト,2-2,36.9,3.3,160,False,False,False
202606010303,3歳未勝利,2026/01/10,2,9,ミスタートントン,1-1,37.4,18.5,370,False,False,False
202606010303,3歳未勝利,2026/01/10,3,3,サノノキャニオン,4-3,37.5,2.4,110,False,False,False
202606010303,3歳未勝利,2026/01/10,4,14,エンカウンターベイ,3-3,38.1,47.4,0,False,False,False
202606010303,3歳未勝利,2026/01/10,5,4,スノーランス,7-6,37.8,16.3,0,False,False,False
202606010303,3歳未勝利,2026/01/10,6,5,イーアンベ,16-15,37.0,49.8,0,True,False,False
202606010303,3歳未勝利,2026/01/10,7,15,ヘイスティハート,4-6,38.3,5.0,0,False,False,False
202606010303,3歳未勝利,2026/01/10,8,10,サトミノアカリ,10-11,37.9,67.2,0,True,False,False
202606010303,3歳未勝利,2026/01/10,9,8,タイセイエキサイト,12-12,37.7,112.2,0,True,False,False
202606010303,3歳未勝利,2026/01/10,10,2,アクシズ,14-13,37.4,184.7,0,False,False,False
202606010303,3歳未勝利,2026/01/10,11,13,グラスリッキー,14-13,37.4,30.9,0,False,False,False
202606010303,3歳未勝利,2026/01/10,12,16,オンマイビート,7-8,38.5,39.3,0,False,False,False
202606010303,3歳未勝利,2026/01/10,13,6,スフェーンテソーロ,4-3,39.1,37.2,0,False,False,False
202606010303,3歳未勝利,2026/01/10,14,1,キョンチャン,10-10,38.7,94.8,0,False,False,False
202606010303,3歳未勝利,2026/01/10,15,7,ダイユウサルターレ,7-8,39.2,13.9,0,False,False,False
202606010303,3歳未勝利,2026/01/10,16,11,ガルディーノ,13-16,40.1,340.9,0,True,False,False
202606010304,3歳新馬,2026/01/10,1,11,ガーヴィ,8-8-10-10,39.3,13.8,390,False,False,False
202606010304,3歳新馬,2026/01/10,2,1,アンジュレーヌ,1-1-1-1,41.3,39.6,820,False,False,False
202606010304,3歳新馬,2026/01/10,3,7,アースアクシス,3-3-3-4,41.0,3.8,180,False,False,False
202606010304,3歳新馬,2026/01/10,4,3,エコロストーム,11-10-9-8,40.0,72.1,0,False,False,False
202606010304,3歳新馬,2026/01/10,5,4,ギャニミード,5-5-6-5,40.8,7.0,0,False,False,False
202606010304,3歳新馬,2026/01/10,6,9,スイートハイデン,7-7-6-5,41.2,26.5,0,False,False,False
202606010304,3歳新馬,2026/01/10,7,5,パルフェ,3-3-3-3,41.6,2.0,0,False,False,False
202606010304,3歳新馬,2026/01/10,8,2,リオハリソンメリー,2-2-2-2,42.2,12.8,0,False,False,False
202606010304,3歳新馬,2026/01/10,9,12,ニューハイ,8-9-8-9,41.7,125.1,0,False,False,False
202606010304,3歳新馬,2026/01/10,10,10,メイアイリス,5-5-3-5,43.9,9.6,0,False,False,False
202606010304,3歳新馬,2026/01/10,11,8,ナズドゥラヴィ,10-11-12-12,41.2,47.2,0,False,False,False
202606010304,3歳新馬,2026/01/10,12,6,ラブカニュー,11-11-10-11,44.7,152.1,0,False,False,False
202606010305,3歳新馬,2026/01/10,1,14,ランザワールド,11-11-1-2,34.7,6.1,160,False,False,False
202606010305,3歳新馬,2026/01/10,2,5,インタノン,1-1-2-1,34.8,3.7,140,False,False,False
202606010305,3歳新馬,2026/01/10,3,3,オリオンブレード,5-5-7-7,34.8,2.5,120,False,False,False
202606010305,3歳新馬,2026/01/10,4,9,サヴマ,12-12-4-4,35.3,19.2,0,False,False,False
202606010305,3歳新馬,2026/01/10,5,13,ピースフルマインド,8-7-2-2,35.6,21.2,0,False,False,False
202606010305,3歳新馬,2026/01/10,6,6,バルドル,8-7-7-7,35.6,120.5,0,False,False,False
202606010305,3歳新馬,2026/01/10,7,7,カレリアフレイバー,2-2-4-4,35.8,6.1,0,False,False,False
202606010305,3歳新馬,2026/01/10,8,4,バトルモクオ,3-3-6-6,36.1,81.3,0,False,False,False
202606010305,3歳新馬,2026/01/10,9,2,オンザギャラクシー,8-10-10-9,36.2,90.4,0,False,False,False
202606010305,3歳新馬,2026/01/10,10,8,チャンピオンホープ,13-13-13-11,35.6,35.2,0,False,False,False
202606010305,3歳新馬,2026/01/10,11,10,カタカムナ,3-3-7-11,36.7,83.9,0,False,False,False
202606010305,3歳新馬,2026/01/10,12,1,コンヴァーンクル,7-7-10-9,36.5,131.0,0,False,False,False
202606010305,3歳新馬,2026/01/10,13,12,リアルケンチャン,6-6-12-13,36.5,110.1,0,False,False,False
202606010305,3歳新馬,2026/01/10,14,11,ランブレイ,15-15-14-14,37.6,14.8,0,False,False,False
202606010305,3歳新馬,2026/01/10,15,15,アルメーリス,14-14-14-14,37.6,88.0,0,False,False,False
202606010306,4歳以上1勝クラス,2026/01/10,1,15,ニシノブレイゼスト,5-5-4-4,38.3,4.0,180,True,False,False
202606010306,4歳以上1勝クラス,2026/01/10,2,13,ブレードサクセス,3-3-3-2,38.8,7.6,280,False,False,False
202606010306,4歳以上1勝クラス,2026/01/10,3,16,ファルコンミノル,11-11-6-6,38.5,12.2,300,True,False,False
202606010306,4歳以上1勝クラス,2026/01/10,4,12,マリンバンカー,8-8-8-10,38.6,7.6,0,False,False,False
202606010306,4歳以上1勝クラス,2026/01/10,5,10,コーリンカルベラ,13-13-8-6,38.7,9.1,0,False,True,False
202606010306,4歳以上1勝クラス,2026/01/10,6,6,プロスペクトパーク,1-1-1-1,39.5,5.8,0,True,False,False
202606010306,4歳以上1勝クラス,2026/01/10,7,8,ナムラジミー,15-15-15-13,38.3,58.3,0,False,False,False
202606010306,4歳以上1勝クラス,2026/01/10,8,3,タリスマン,6-6-8-6,39.1,130.9,0,True,False,False
202606010306,4歳以上1勝クラス,2026/01/10,9,5,ロードインフェルノ,8-9-12-10,39.1,53.3,0,False,False,False
202606010306,4歳以上1勝クラス,2026/01/10,10,2,ガラスノブルース,3-3-4-4,39.8,14.5,0,False,True,False
202606010306,4歳以上1勝クラス,2026/01/10,11,4,ロジルーラー,2-2-2-2,40.1,26.0,0,False,False,False
202606010306,4歳以上1勝クラス,2026/01/10,12,9,コスモシェルベット,7-6-6-6,39.6,64.0,0,True,False,False
202606010306,4歳以上1勝クラス,2026/01/10,13,7,グラスビジョン,8-9-8-10,40.1,242.7,0,True,False,False
202606010306,4歳以上1勝クラス,2026/01/10,14,11,ミスティブルー,13-13-16-16,40.5,45.2,0,True,False,False
202606010306,4歳以上1勝クラス,2026/01/10,15,1,ロードスカイブルー,16-16-13-13,41.0,6.1,0,False,False,False
202606010306,4歳以上1勝クラス,2026/01/10,16,14,ウインファヴォリ,12-12-13-15,41.6,39.5,0,False,False,False
202606010307,3歳未勝利,2026/01/10,1,6,ディールメーカー,2-2-2,34.6,3.2,150,False,True,False
202606010307,3歳未勝利,2026/01/10,2,13,シャルムグリーン,5-5-3,34.4,4.1,140,False,True,False
202606010307,3歳未勝利,2026/01/10,3,9,ラプランセス,11-8-8,34.3,6.9,170,False,True,False
202606010307,3歳未勝利,2026/01/10,4,12,カドドゥディエ,13-14-13,33.9,170.1,0,True,True,True
202606010307,3歳未勝利,2026/01/10,5,15,セーヌデローヴ,8-6-6,34.9,32.6,0,False,True,False
202606010307,3歳未勝利,2026/01/10,6,5,リラ,1-1-1,35.6,3.1,0,False,True,False
202606010307,3歳未勝利,2026/01/10,7,8,エフティヴェント,15-11-10,34.4,163.0,0,False,True,False
202606010307,3歳未勝利,2026/01/10,8,3,タケウチビー,5-8-8,34.7,56.3,0,False,False,False
202606010307,3歳未勝利,2026/01/10,9,11,セイウンリメンバー,2-3-3,35.7,10.4,0,True,False,False
202606010307,3歳未勝利,2026/01/10,10,10,セルリア,5-6-6,35.6,40.8,0,False,False,False
202606010307,3歳未勝利,2026/01/10,11,7,ベッラモレーン,11-11-10,35.1,79.2,0,True,False,False
202606010307,3歳未勝利,2026/01/10,12,16,ウマナミカイドウ,15-16-16,34.8,421.7,0,False,False,False
202606010307,3歳未勝利,2026/01/10,13,14,ファインダーズ,13-14-13,35.3,32.8,0,False,True,False
202606010307,3歳未勝利,2026/01/10,14,2,ブルーハーツ,8-4-3,36.5,184.3,0,False,False,False
202606010307,3歳未勝利,2026/01/10,15,1,ワイルドカモミール,8-11-12,36.8,357.6,0,False,False,False
202606010307,3歳未勝利,2026/01/10,16,4,アースジャッジ,2-8-13,37.8,123.2,0,True,False,False
202606010308,4歳以上2勝クラス,2026/01/10,1,12,エクリプスルバン,2-2-2-1,37.6,3.7,160,False,False,False
202606010308,4歳以上2勝クラス,2026/01/10,2,1,パイシャオピン,11-10-6-6,37.7,3.0,130,False,True,False
202606010308,4歳以上2勝クラス,2026/01/10,3,7,レッドライトニング,3-4-5-4,38.1,31.6,420,True,False,False
202606010308,4歳以上2勝クラス,2026/01/10,4,8,ピコシー,6-6-9-8,37.8,17.9,0,True,True,True
202606010308,4歳以上2勝クラス,2026/01/10,5,10,アパイシュナール,6-6-6-6,38.3,97.3,0,True,False,False
202606010308,4歳以上2勝クラス,2026/01/10,6,6,スマートカイロス,3-4-6-8,38.4,4.5,0,False,False,False
202606010308,4歳以上2勝クラス,2026/01/10,7,13,トーホウキザン,8-8-10-10,38.2,95.5,0,True,False,False
202606010308,4歳以上2勝クラス,2026/01/10,8,2,エーデル,11-12-13-12,37.9,32.4,0,True,False,False
202606010308,4歳以上2勝クラス,2026/01/10,9,5,トルショー,13-12-3-2,38.9,18.2,0,False,False,False
202606010308,4歳以上2勝クラス,2026/01/10,10,4,デルマタモン,10-10-12-12,38.3,226.9,0,True,False,False
202606010308,4歳以上2勝クラス,2026/01/10,11,9,ヤウガウ,8-8-10-10,38.8,239.7,0,True,False,False
202606010308,4歳以上2勝クラス,2026/01/10,12,11,ダイシンバースディ,3-2-3-4,39.9,184.9,0,True,False,False
202606010308,4歳以上2勝クラス,2026/01/10,13,3,トレサフィール,1-1-1-2,41.5,4.4,0,False,False,False
202606010309,黒竹賞(1勝),2026/01/10,1,4,マクリール,9-9-3-3,38.8,1.7,110,False,True,False
202606010309,黒竹賞(1勝),2026/01/10,2,8,テンカムテキ,3-3-1-1,39.3,4.1,120,True,False,False
202606010309,黒竹賞(1勝),2026/01/10,3,3,ダンツシタン,10-10-8-3,39.1,5.7,120,True,True,True
202606010309,黒竹賞(1勝),2026/01/10,4,5,ケントン,6-6-6-6,39.4,12.0,0,True,False,False
202606010309,黒竹賞(1勝),2026/01/10,5,9,オトシダマ,4-4-6-6,39.6,85.8,0,True,False,False
202606010309,黒竹賞(1勝),2026/01/10,6,2,ファイアマン,4-4-10-10,38.7,13.4,0,True,True,True
202606010309,黒竹賞(1勝),2026/01/10,7,7,ハイライトニング,1-1-3-3,40.3,33.4,0,True,False,False
202606010309,黒竹賞(1勝),2026/01/10,8,1,ラフレードピエル,7-7-9-8,39.8,85.8,0,False,True,False
202606010309,黒竹賞(1勝),2026/01/10,9,6,タイセイエムロード,8-8-2-2,41.0,39.2,0,False,True,False
202606010309,黒竹賞(1勝),2026/01/10,10,10,アジアントレジャー,2-2-3-9,41.5,27.6,0,False,True,False
202606010310,初凪賞(2勝),2026/01/10,1,16,マテンロウブラボー,9-7-6,33.9,9.2,250,True,True,True
202606010310,初凪賞(2勝),2026/01/10,2,8,ダノンミッション,4-5-5,34.3,4.4,170,True,True,True
202606010310,初凪賞(2勝),2026/01/10,3,12,ストレイトトーカー,1-3-3,34.6,2.9,150,False,False,False
202606010310,初凪賞(2勝),2026/01/10,4,14,ミトノオルフェ,8-7-9,34.2,38.0,0,False,False,False
202606010310,初凪賞(2勝),2026/01/10,5,6,ロゼル,4-7-6,34.6,30.3,0,True,False,False
202606010310,初凪賞(2勝),2026/01/10,6,10,マルカオペラ,12-10-11,34.5,42.3,0,False,True,False
202606010310,初凪賞(2勝),2026/01/10,7,2,アンジョルラス,12-13-14,34.3,9.1,0,False,True,False
202606010310,初凪賞(2勝),2026/01/10,8,1,ウインベアトリス,2-1-1,35.6,21.3,0,False,True,False
202606010310,初凪賞(2勝),2026/01/10,9,5,バセリーナ,11-10-14,34.7,203.6,0,True,False,False
202606010310,初凪賞(2勝),2026/01/10,10,7,ハリケーンリッジ,4-3-3,35.4,75.5,0,False,False,False
202606010310,初凪賞(2勝),2026/01/10,11,9,ワンモアスマイル,15-13-9,34.9,4.9,0,False,False,False
202606010310,初凪賞(2勝),2026/01/10,12,4,シルバーレイン,15-16-16,34.5,18.9,0,False,False,False
202606010310,初凪賞(2勝),2026/01/10,13,13,エールトゥヘヴン,4-2-2,36.1,77.9,0,False,False,False
202606010310,初凪賞(2勝),2026/01/10,14,11,ワタシマツワ,2-5-6,35.7,61.2,0,False,False,False
202606010310,初凪賞(2勝),2026/01/10,15,3,ホークマン,9-10-12,35.3,332.6,0,True,False,False
202606010310,初凪賞(2勝),2026/01/10,16,15,レーヴブリリアント,14-13-12,35.3,26.6,0,False,False,False
202606010311,迎春ステークス(3勝),2026/01/10,1,13,アスクナイスショー,1-1-1-1,34.6,5.0,180,False,False,False
202606010311,迎春ステークス(3勝),2026/01/10,2,4,マイユニバース,4-4-5-3,34.2,2.5,140,False,False,False
202606010311,迎春ステークス(3勝),2026/01/10,3,2,バレンタインガール,6-6-7-6,34.2,15.6,280,True,True,True
202606010311,迎春ステークス(3勝),2026/01/10,4,17,オールセインツ,5-5-3-5,34.6,19.4,0,False,False,False
202606010311,迎春ステークス(3勝),2026/01/10,5,12,ピンクジン,3-3-3-2,34.9,211.7,0,True,False,False
202606010311,迎春ステークス(3勝),2026/01/10,6,6,モズマーヴェリック,8-8-9-8,34.5,63.8,0,True,False,False
202606010311,迎春ステークス(3勝),2026/01/10,7,11,マイネルラウレア,10-10-9-10,34.9,26.6,0,True,False,False
202606010311,迎春ステークス(3勝),2026/01/10,8,1,ロードオールライト,2-2-2-3,36.0,14.1,0,False,False,False
202606010311,迎春ステークス(3勝),2026/01/10,9,9,エラン,8-8-7-8,35.6,4.3,0,False,False,False
202606010311,迎春ステークス(3勝),2026/01/10,10,10,メイテソーロ,13-13-13-14,35.1,200.6,0,True,True,True
202606010311,迎春ステークス(3勝),2026/01/10,10,14,スパークリシャール,17-17-16-14,34.9,33.5,0,False,True,False
202606010311,迎春ステークス(3勝),2026/01/10,12,3,グロッシェン,10-10-13-10,35.4,74.8,0,True,False,False
202606010311,迎春ステークス(3勝),2026/01/10,13,8,マイネルブリックス,6-6-5-7,36.1,162.4,0,True,False,False
202606010311,迎春ステークス(3勝),2026/01/10,14,7,ルカランフィースト,16-16-9-12,35.8,12.1,0,True,True,True
202606010311,迎春ステークス(3勝),2026/01/10,15,16,イケイケドンドン,10-10-12-17,35.8,141.8,0,False,True,False
202606010311,迎春ステークス(3勝),2026/01/10,16,15,ナイトインロンドン,13-13-13-12,35.8,31.2,0,False,True,False
202606010311,迎春ステークス(3勝),2026/01/10,17,5,コスモサガルマータ,15-15-16-14,36.1,111.0,0,True,False,False
202606010312,4歳以上1勝クラス,2026/01/10,1,2,キボウノホシ,9-7,36.8,9.6,230,False,False,False
202606010312,4歳以上1勝クラス,2026/01/10,2,6,ピコレッド,6-4,37.4,2.3,130,True,False,False
202606010312,4歳以上1勝クラス,2026/01/10,3,1,シルフレイ,4-2,37.8,5.5,170,False,False,False
202606010312,4歳以上1勝クラス,2026/01/10,4,4,ハッピーパンニャ,9-5,37.1,27.2,0,False,True,False
202606010312,4歳以上1勝クラス,2026/01/10,5,14,ペロ,16-15,36.2,25.4,0,False,True,False
202606010312,4歳以上1勝クラス,2026/01/10,6,12,プルシャプラ,9-10,37.5,28.8,0,False,False,False
202606010312,4歳以上1勝クラス,2026/01/10,7,10,セイウンビッグバン,13-12,37.2,139.1,0,False,False,False
202606010312,4歳以上1勝クラス,2026/01/10,8,15,ガンハンマー,14-15,36.8,14.9,0,True,False,False
202606010312,4歳以上1勝クラス,2026/01/10,9,5,ハヌル,2-2,38.8,109.2,0,False,False,False
202606010312,4歳以上1勝クラス,2026/01/10,10,9,サイモンカーチス,9-12,38.3,243.5,0,False,False,False
202606010312,4歳以上1勝クラス,2026/01/10,11,7,ウインレアリゼ,8-9,38.7,33.1,0,False,True,False
202606010312,4歳以上1勝クラス,2026/01/10,12,11,ファイブセンス,14-14,37.9,409.6,0,False,False,False
202606010312,4歳以上1勝クラス,2026/01/10,13,3,ペッパーミル,1-1,39.8,12.6,0,False,False,False
202606010312,4歳以上1勝クラス,2026/01/10,14,13,バルジール,6-7,40.2,5.2,0,False,True,False
202606010312,4歳以上1勝クラス,2026/01/10,15,8,ハドソンテソーロ,4-10,42.5,90.0,0,False,False,False
202606010312,4歳以上1勝クラス,2026/01/10,16,16,エテオクロス,2-5,42.7,33.9,0,False,True,False
202608010101,3歳未勝利,2026/01/04,1,9,リーグナイト,12-10,35.8,2.0,110,False,False,False
202608010101,3歳未勝利,2026/01/04,2,7,ビスケットアソート,4-4,36.8,22.0,400,False,False,False
202608010101,3歳未勝利,2026/01/04,3,16,ミラヴェリタ,7-7,36.6,15.2,330,False,False,False
202608010101,3歳未勝利,2026/01/04,4,14,タナスーペルノーバ,1-1,37.3,5.4,0,False,False,False
202608010101,3歳未勝利,2026/01/04,5,3,クロカミジョウ,13-12,36.1,124.1,0,False,False,False
202608010101,3歳未勝利,2026/01/04,6,4,マクアケ,10-9,36.5,20.8,0,False,True,False
202608010101,3歳未勝利,2026/01/04,7,5,テーオーアンジェラ,4-4,37.7,5.6,0,False,False,False
202608010101,3歳未勝利,2026/01/04,8,8,ジーティーリボーン,2-2,38.1,12.2,0,False,False,False
202608010101,3歳未勝利,2026/01/04,9,11,バンダムソレール,13-13,36.8,172.8,0,False,False,False
202608010101,3歳未勝利,2026/01/04,10,1,ダイチノナポリ,9-10,37.4,16.7,0,False,True,False
202608010101,3歳未勝利,2026/01/04,11,10,ケイアイブラック,7-7,37.9,63.4,0,True,False,False
202608010101,3歳未勝利,2026/01/04,12,13,ワイドアルバ,2-2,38.4,68.8,0,False,False,False
202608010101,3歳未勝利,2026/01/04,13,15,アメジストブルー,15-13,37.1,251.8,0,True,False,False
202608010101,3歳未勝利,2026/01/04,14,2,オリヒメボシ,4-6,38.4,34.3,0,False,False,False
202608010101,3歳未勝利,2026/01/04,15,6,シュトルムカイザー,15-16,37.4,172.7,0,False,True,False
202608010101,3歳未勝利,2026/01/04,16,12,ジョーヴェスタ,10-13,40.9,112.7,0,False,False,False
202608010102,3歳未勝利,2026/01/04,1,2,タガノエルー,9-9-5-4,37.3,49.7,560,False,False,False
202608010102,3歳未勝利,2026/01/04,2,4,リアライズグリント,3-3-3-2,37.7,1.5,110,False,False,False
202608010102,3歳未勝利,2026/01/04,3,14,アミラル,9-9-9-9,37.8,16.0,290,False,False,False
202608010102,3歳未勝利,2026/01/04,4,8,ハオカノア,12-11-8-7,38.5,26.8,0,False,False,False
202608010102,3歳未勝利,2026/01/04,5,7,ディープシャロー,1-1-1-1,39.9,11.5,0,True,False,False
202608010102,3歳未勝利,2026/01/04,6,11,ナウオアネヴァー,2-2-4-4,39.8,6.4,0,False,False,False
202608010102,3歳未勝利,2026/01/04,7,1,サンライズフリード,5-3-5-7,39.7,171.5,0,True,False,False
202608010102,3歳未勝利,2026/01/04,8,15,ロードファイター,12-11-11-10,38.9,42.4,0,False,False,False
202608010102,3歳未勝利,2026/01/04,9,5,ピエナオルカ,3-3-5-6,39.9,8.0,0,False,True,False
202608010102,3歳未勝利,2026/01/04,10,3,サンライズナスカ,16-16-16-13,38.4,57.4,0,False,False,False
202608010102,3歳未勝利,2026/01/04,11,6,ロジャートアリー,7-6-9-11,39.3,27.8,0,False,False,False
202608010102,3歳未勝利,2026/01/04,12,9,テイエムテンジン,15-15-2-2,41.4,94.0,0,False,True,False
202608010102,3歳未勝利,2026/01/04,13,13,サマーナジュム,7-8-13-15,39.6,107.9,0,True,False,False
202608010102,3歳未勝利,2026/01/04,14,10,サニーサイドラガー,14-14-14-12,41.2,142.6,0,True,True,True
202608010102,3歳未勝利,2026/01/04,15,12,ムソウテンセイ,5-6-11-13,41.9,122.3,0,True,False,False
202608010102,3歳未勝利,2026/01/04,16,16,エコログレン,9-11-15-16,42.8,281.8,0,True,False,False
202608010103,3歳未勝利,2026/01/04,1,11,ハードシングス,7-7,37.6,5.8,200,False,True,False
202608010103,3歳未勝利,2026/01/04,2,2,オプティモ,4-3,37.9,15.9,450,True,False,False
202608010103,3歳未勝利,2026/01/04,3,1,メイショウバルク,4-6,38.3,5.4,190,False,True,False
202608010103,3歳未勝利,2026/01/04,4,15,フリッシュ,14-14,37.5,142.8,0,True,False,False
202608010103,3歳未勝利,2026/01/04,5,4,アニマレイ,3-1,38.5,3.1,0,True,True,True
202608010103,3歳未勝利,2026/01/04,6,3,ムスクレスト,15-10,37.4,13.0,0,True,True,True
202608010103,3歳未勝利,2026/01/04,7,6,ユウトザケンケン,10-10,38.4,325.1,0,False,False,False
202608010103,3歳未勝利,2026/01/04,8,9,ジャーナーリア,4-3,38.9,9.6,0,False,True,False
202608010103,3歳未勝利,2026/01/04,9,12,サンタカリス,12-10,38.4,36.9,0,False,True,False
202608010103,3歳未勝利,2026/01/04,10,10,グレートアゲイン,16-16,38.0,298.6,0,False,False,False
202608010103,3歳未勝利,2026/01/04,11,13,モズプリフォール,10-10,38.8,7.5,0,False,False,False
202608010103,3歳未勝利,2026/01/04,12,14,サマーブリザード,12-14,38.6,97.3,0,False,True,False
202608010103,3歳未勝利,2026/01/04,13,16,ココラッシー,7-7,39.0,9.2,0,False,True,False
202608010103,3歳未勝利,2026/01/04,14,8,トーアウィリアム,2-2,40.1,72.0,0,False,False,False
202608010103,3歳未勝利,2026/01/04,15,5,ルーセントムーン,7-7,41.0,72.0,0,True,False,False
202608010103,3歳未勝利,2026/01/04,16,7,セレブトーチ,1-3,43.0,90.4,0,False,False,False
202608010104,3歳新馬,2026/01/04,1,4,ペイシャプル,1-1-1-1,39.6,5.1,200,False,False,False
202608010104,3歳新馬,2026/01/04,2,1,ハイビッグゴールド,11-11-7-6,39.1,114.4,3110,False,False,False
202608010104,3歳新馬,2026/01/04,3,6,ウインモンクール,5-5-5-4,39.8,4.6,200,False,False,False
202608010104,3歳新馬,2026/01/04,4,9,ヴォメロ,2-3-3-3,40.5,8.2,0,False,False,False
202608010104,3歳新馬,2026/01/04,5,5,ハイロード,2-2-2-2,40.7,4.7,0,False,False,False
202608010104,3歳新馬,2026/01/04,6,3,ジュンクロノシップ,5-5-8-8,39.1,63.3,0,False,False,False
202608010104,3歳新馬,2026/01/04,7,8,エナジーイッセイ,4-4-4-4,41.7,7.9,0,False,False,False
202608010104,3歳新馬,2026/01/04,8,2,シャイニーデイ,7-8-9-9,40.0,110.7,0,False,False,False
202608010104,3歳新馬,2026/01/04,9,10,ウインアレグロ,10-10-10-10,42.1,32.4,0,False,False,False
202608010104,3歳新馬,2026/01/04,10,12,ショーライトイヤー,7-8-6-7,43.7,4.7,0,False,False,False
202608010104,3歳新馬,2026/01/04,11,11,レッドジェンマ,12-12-11-11,41.8,104.6,0,False,False,False
202608010104,3歳新馬,2026/01/04,中,7,ウォーターハクビ,7-5,,10.0,0,False,False,False
202608010105,3歳新馬,2026/01/04,1,8,タイキルッジェーロ,2-2,34.5,170.6,2330,False,False,False
202608010105,3歳新馬,2026/01/04,2,2,フォーチュンライド,3-3,34.3,2.6,150,False,False,False
202608010105,3歳新馬,2026/01/04,3,15,オーブフレッシュ,1-1,35.2,21.3,490,False,False,False
202608010105,3歳新馬,2026/01/04,4,12,ウィスカーパッド,6-5,34.6,3.9,0,False,False,False
202608010105,3歳新馬,2026/01/04,5,14,エイカイコバチ,3-3,35.0,41.1,0,False,False,False
202608010105,3歳新馬,2026/01/04,6,17,レッドパラジウム,13-13,34.5,4.6,0,False,False,False
202608010105,3歳新馬,2026/01/04,7,7,プロスト,13-13,34.5,43.4,0,False,False,False
202608010105,3歳新馬,2026/01/04,8,4,ブルーザー,6-5,35.1,22.1,0,False,False,False
202608010105,3歳新馬,2026/01/04,9,9,ガルフコースト,9-9,35.0,21.0,0,False,False,False
202608010105,3歳新馬,2026/01/04,10,6,プラウドブルーベル,13-15,34.7,288.2,0,False,False,False
202608010105,3歳新馬,2026/01/04,11,5,ベラジオヴァレル,9-9,35.2,6.3,0,False,False,False
202608010105,3歳新馬,2026/01/04,12,1,アンフルラージュ,9-9,35.4,216.0,0,False,False,False
202608010105,3歳新馬,2026/01/04,13,16,クータモ,9-9,35.6,140.7,0,False,False,False
202608010105,3歳新馬,2026/01/04,14,11,ゴルトミュンツェ,16-15,35.3,233.2,0,False,False,False
202608010105,3歳新馬,2026/01/04,15,18,キャスパン,17-17,35.3,243.8,0,False,False,False
202608010105,3歳新馬,2026/01/04,16,13,ボクサークラブ,6-5,36.2,68.6,0,False,False,False
202608010105,3歳新馬,2026/01/04,17,3,エレノアサンライズ,17-18,37.3,255.7,0,False,False,False
202608010105,3歳新馬,2026/01/04,18,10,エクセレンプライム,5-5,38.6,119.0,0,False,False,False
202608010106,3歳1勝クラス,2026/01/04,1,2,ジュウリョクピエロ,4-4-4-4,34.0,55.6,1500,True,False,False
202608010106,3歳1勝クラス,2026/01/04,2,4,エアビーアゲイル,3-3-3-3,34.4,3.8,200,False,True,False
202608010106,3歳1勝クラス,2026/01/04,3,3,ウィズクィーン,2-2-2-2,34.8,12.4,0,False,True,False
202608010106,3歳1勝クラス,2026/01/04,4,1,スカイスプレンダー,6-6-6-6,34.1,2.3,0,True,True,True
202608010106,3歳1勝クラス,2026/01/04,5,6,シャドウマスター,5-5-4-4,34.4,8.7,0,True,True,True
202608010106,3歳1勝クラス,2026/01/04,6,5,カレントゥルーシー,1-1-1-1,35.3,6.5,0,False,False,False
202608010106,3歳1勝クラス,2026/01/04,7,7,ヴァロンブローサ,6-6-6-6,34.8,4.8,0,True,True,True
202608010107,4歳以上1勝クラス,2026/01/04,1,2,クインズショコラ,4-5-7-7,36.8,12.3,300,False,False,False
202608010107,4歳以上1勝クラス,2026/01/04,2,10,ハギノコラソン,9-9-8-7,37.2,2.8,140,False,False,False
202608010107,4歳以上1勝クラス,2026/01/04,3,5,オリジナルファイン,9-9-8-7,37.2,5.4,160,False,True,False
202608010107,4歳以上1勝クラス,2026/01/04,4,1,ヴァリオーサ,4-4-3-3,37.7,19.7,0,False,False,False
202608010107,4歳以上1勝クラス,2026/01/04,5,7,キャットテイル,1-1-1-1,38.2,24.6,0,False,False,False
202608010107,4歳以上1勝クラス,2026/01/04,6,3,サンコンクエスト,2-2-2-2,38.1,8.9,0,True,False,False
202608010107,4歳以上1勝クラス,2026/01/04,7,8,ラグナトーレ,4-5-3-3,37.9,53.0,0,False,False,False
202608010107,4歳以上1勝クラス,2026/01/04,8,4,メイショウウメゴチ,2-2-10-10,38.1,35.9,0,True,False,False
202608010107,4歳以上1勝クラス,2026/01/04,9,9,アンジュアルディ,8-7-3-3,39.3,2.8,0,False,False,False
202608010107,4歳以上1勝クラス,2026/01/04,10,6,オーケーエンジェル,7-7-3-3,44.0,21.8,0,True,False,False
202608010108,4歳以上1勝クラス,2026/01/04,1,11,イマージョン,2-2,36.0,3.4,130,False,False,False
202608010108,4歳以上1勝クラス,2026/01/04,2,1,ロードヴァルカン,3-3,35.9,3.0,130,True,False,False
202608010108,4歳以上1勝クラス,2026/01/04,3,5,ダノンモンテローザ,11-10,35.2,9.8,230,False,False,False
202608010108,4歳以上1勝クラス,2026/01/04,4,15,ペンテリコン,8-6,35.8,12.7,0,False,True,False
202608010108,4歳以上1勝クラス,2026/01/04,5,14,キーガッツ,3-3,36.5,19.2,0,False,False,False
202608010108,4歳以上1勝クラス,2026/01/04,6,12,サンライズジュピタ,5-5,36.4,35.5,0,False,False,False
202608010108,4歳以上1勝クラス,2026/01/04,7,9,メイショウゴールド,13-13,35.8,12.7,0,False,False,False
202608010108,4歳以上1勝クラス,2026/01/04,8,7,グランパリッシュ,11-10,36.1,153.9,0,False,True,False
202608010108,4歳以上1勝クラス,2026/01/04,9,8,インディゴアスール,15-15,35.7,54.5,0,False,False,False
202608010108,4歳以上1勝クラス,2026/01/04,10,2,アーデルリーベ,8-6,36.5,14.5,0,True,False,False
202608010108,4歳以上1勝クラス,2026/01/04,11,13,ヴェントインコーダ,8-10,36.4,9.1,0,False,True,False
202608010108,4歳以上1勝クラス,2026/01/04,12,10,スパークルジョイ,1-1,37.4,125.5,0,True,False,False
202608010108,4歳以上1勝クラス,2026/01/04,13,6,ジュエルハウス,6-9,36.7,83.5,0,False,False,False
202608010108,4歳以上1勝クラス,2026/01/04,14,16,スカイブルー,6-6,36.9,22.9,0,False,False,False
202608010108,4歳以上1勝クラス,2026/01/04,15,3,ユーヴェリア,13-13,36.2,82.9,0,False,True,False
202608010108,4歳以上1勝クラス,2026/01/04,16,4,バシリス,16-16,36.4,60.7,0,False,False,False
202608010109,天ケ瀬特別(2勝),2026/01/04,1,9,グランドプラージュ,8-8-7-7,35.9,1.3,110,False,True,False
202608010109,天ケ瀬特別(2勝),2026/01/04,2,11,マナエトレ,2-2-2-2,37.2,44.8,600,True,True,True
202608010109,天ケ瀬特別(2勝),2026/01/04,3,13,ドゥラエテルノ,10-10-9-8,36.2,7.3,170,False,True,False
202608010109,天ケ瀬特別(2勝),2026/01/04,4,10,スーパージョック,1-1-1-1,37.7,8.9,0,False,False,False
202608010109,天ケ瀬特別(2勝),2026/01/04,5,3,ブルックリンダンス,4-5-5-4,37.1,17.9,0,True,True,True
202608010109,天ケ瀬特別(2勝),2026/01/04,6,6,マッスルバック,2-3-3-3,37.6,78.6,0,False,True,False
202608010109,天ケ瀬特別(2勝),2026/01/04,7,12,キングオブフジ,6-5-5-4,37.3,118.6,0,False,False,False
202608010109,天ケ瀬特別(2勝),2026/01/04,8,8,ショウサンジョージ,12-12-12-11,36.6,38.7,0,True,False,False
202608010109,天ケ瀬特別(2勝),2026/01/04,9,1,クリノフィガロ,8-8-9-8,37.3,17.1,0,False,True,False
202608010109,天ケ瀬特別(2勝),2026/01/04,10,2,ジュンラトゥール,10-11-11-12,37.4,66.2,0,True,False,False
202608010109,天ケ瀬特別(2勝),2026/01/04,11,4,サトノシュトラーセ,4-3-3-4,38.6,23.9,0,False,False,False
202608010109,天ケ瀬特別(2勝),2026/01/04,12,5,ワンダフルトゥデイ,6-7-7-8,38.4,175.8,0,True,False,False
202608010109,天ケ瀬特別(2勝),2026/01/04,13,7,イーサンアイ,12-12-13-13,37.5,234.3,0,False,False,False
202608010110,寿ステークス(3勝),2026/01/04,1,2,タガノデュード,6-5-4-3,33.6,3.1,130,False,False,False
202608010110,寿ステークス(3勝),2026/01/04,2,9,ウイントレメンデス,7-7-2-2,33.9,2.8,110,True,True,True
202608010110,寿ステークス(3勝),2026/01/04,3,7,フクノブルーレイク,2-3-4-3,33.6,13.9,230,True,False,False
202608010110,寿ステークス(3勝),2026/01/04,4,1,クレバーテースト,1-1-1-1,34.3,10.8,0,False,False,False
202608010110,寿ステークス(3勝),2026/01/04,5,5,メイショウゲキリン,4-3-4-3,33.9,20.4,0,False,False,False
202608010110,寿ステークス(3勝),2026/01/04,6,8,バッデレイト,5-5-7-7,33.9,3.7,0,True,False,False
202608010110,寿ステークス(3勝),2026/01/04,7,6,リッケンバッカー,9-7-7-7,33.9,66.6,0,True,True,True
202608010110,寿ステークス(3勝),2026/01/04,8,3,コスモフロイデ,2-2-2-3,34.3,127.2,0,True,False,False
202608010110,寿ステークス(3勝),2026/01/04,9,4,インザモーメント,7-7-7-7,34.1,13.7,0,False,False,False
202608010111,第64回スポニチ賞京都金杯(GIII),2026/01/04,1,15,ブエナオンダ,5-5,33.8,7.8,260,True,False,False
202608010111,第64回スポニチ賞京都金杯(GIII),2026/01/04,2,11,ファーヴェント,3-3,34.0,11.3,420,False,False,False
202608010111,第64回スポニチ賞京都金杯(GIII),2026/01/04,3,10,ショウナンアデイブ,3-4,33.9,137.7,2710,True,False,False
202608010111,第64回スポニチ賞京都金杯(GIII),2026/01/04,4,9,トロヴァトーレ,14-15,33.2,11.6,0,False,True,False
202608010111,第64回スポニチ賞京都金杯(GIII),2026/01/04,5,1,ランスオブカオス,8-8,33.7,2.4,0,False,False,False
202608010111,第64回スポニチ賞京都金杯(GIII),2026/01/04,6,6,ヤンキーバローズ,8-8,33.8,15.7,0,False,False,False
202608010111,第64回スポニチ賞京都金杯(GIII),2026/01/04,7,16,クルゼイロドスル,14-12,33.3,25.7,0,False,False,False
202608010111,第64回スポニチ賞京都金杯(GIII),2026/01/04,8,17,ラケマーダ,7-7,34.0,113.9,0,True,True,True
202608010111,第64回スポニチ賞京都金杯(GIII),2026/01/04,9,3,キープカルム,5-5,34.1,7.8,0,True,False,False
202608010111,第64回スポニチ賞京都金杯(GIII),2026/01/04,10,4,マサノカナリア,2-2,34.6,42.0,0,False,False,False
202608010111,第64回スポニチ賞京都金杯(GIII),2026/01/04,11,7,マテンロウオリオン,11-10,33.8,77.4,0,False,True,False
202608010111,第64回スポニチ賞京都金杯(GIII),2026/01/04,12,2,キョウエイブリッサ,11-12,33.8,25.0,0,True,False,False
202608010111,第64回スポニチ賞京都金杯(GIII),2026/01/04,13,12,ホウオウラスカーズ,10-10,33.9,79.6,0,False,False,False
202608010111,第64回スポニチ賞京都金杯(GIII),2026/01/04,14,5,コレペティトール,14-15,33.7,111.3,0,True,False,False
202608010111,第64回スポニチ賞京都金杯(GIII),2026/01/04,15,8,ヤマニンサンパ,17-17,33.6,48.7,0,False,True,False
202608010111,第64回スポニチ賞京都金杯(GIII),2026/01/04,16,14,シンフォーエバー,1-1,35.5,38.9,0,False,False,False
202608010111,第64回スポニチ賞京都金杯(GIII),2026/01/04,17,13,ガイアメンテ,11-12,34.2,7.5,0,False,False,False
202608010111,第64回スポニチ賞京都金杯(GIII),2026/01/04,18,18,エアファンディタ,18-18,33.8,55.9,0,False,True,False
202608010112,4歳以上2勝クラス,2026/01/04,1,10,ララマセラシオン,8-7,33.2,31.4,630,False,False,False
202608010112,4歳以上2勝クラス,2026/01/04,2,12,ブルクトーア,2-2,34.2,3.9,170,True,False,False
202608010112,4歳以上2勝クラス,2026/01/04,3,6,メイショウカイト,10-10,32.8,4.6,160,False,True,False
202608010112,4歳以上2勝クラス,2026/01/04,4,8,アドマイヤジェイ,6-5,33.5,5.7,0,False,False,False
202608010112,4歳以上2勝クラス,2026/01/04,5,11,クイーンズデイ,3-3,34.0,12.1,0,False,True,False
202608010112,4歳以上2勝クラス,2026/01/04,6,5,クイックバイオ,5-5,33.9,40.1,0,True,False,False
202608010112,4歳以上2勝クラス,2026/01/04,7,9,スイミーユニバンス,9-8,33.2,24.9,0,False,False,False
202608010112,4歳以上2勝クラス,2026/01/04,8,1,タイキヴァンクール,3-3,34.3,6.0,0,False,False,False
202608010112,4歳以上2勝クラス,2026/01/04,9,2,ネーブルオレンジ,1-1,34.8,15.1,0,False,False,False
202608010112,4歳以上2勝クラス,2026/01/04,10,3,サダメ,11-11,33.3,10.3,0,True,False,False
202608010112,4歳以上2勝クラス,2026/01/04,11,7,シホノペルフェット,7-8,34.3,13.8,0,False,False,False
202608010112,4歳以上2勝クラス,2026/01/04,12,4,ホウオウサンデー,12-12,33.3,34.9,0,False,False,False
202608010201,3歳未勝利,2026/01/05,1,8,ルージュビバーチェ,5-5-5-4,37.7,12.2,270,False,False,False
202608010201,3歳未勝利,2026/01/05,2,6,ジーティービキニ,3-3-3-3,38.7,2.5,110,False,True,False
202608010201,3歳未勝利,2026/01/05,3,9,イルカンダ,1-1-1-1,39.1,9.8,250,False,False,False
202608010201,3歳未勝利,2026/01/05,4,11,シャフメラン,7-7-6-6,37.9,3.1,0,False,True,False
202608010201,3歳未勝利,2026/01/05,5,7,タガノアルテミス,4-4-4-4,39.1,86.8,0,True,False,False
202608010201,3歳未勝利,2026/01/05,6,12,アルムランプシー,2-2-2-2,40.1,8.8,0,True,False,False
202608010201,3歳未勝利,2026/01/05,7,13,エンジェルグラース,8-8-8-8,39.0,111.8,0,False,False,False
202608010201,3歳未勝利,2026/01/05,8,2,ルパピヨンブラン,9-9-9-9,39.4,158.7,0,False,False,False
202608010201,3歳未勝利,2026/01/05,9,1,プレザントトーン,5-6-6-7,40.2,47.6,0,True,True,True
202608010201,3歳未勝利,2026/01/05,10,3,ブラッドムーン,11-11-12-12,39.1,81.9,0,True,False,False
202608010201,3歳未勝利,2026/01/05,11,5,マチュ,11-11-12-12,39.4,130.1,0,True,False,False
202608010201,3歳未勝利,2026/01/05,12,10,アライブテーラー,14-14-10-10,39.9,185.5,0,True,False,False
202608010201,3歳未勝利,2026/01/05,13,14,ワイドバヴァール,13-13-12-14,39.8,16.7,0,True,False,False
202608010201,3歳未勝利,2026/01/05,14,4,リアライズブルーム,10-10-10-11,40.2,9.3,0,True,False,False
202608010202,3歳未勝利,2026/01/05,1,8,エドウィンナルコ,1-1-1-1,38.5,2.2,120,False,True,False
202608010202,3歳未勝利,2026/01/05,2,5,ノービレ,10-10-8-5,38.0,14.6,210,False,True,False
202608010202,3歳未勝利,2026/01/05,3,9,アスクチャンスマン,14-14-13-12,37.6,4.9,170,False,False,False
202608010202,3歳未勝利,2026/01/05,4,3,フィサブロス,5-3-3-3,39.1,33.5,0,False,False,False
202608010202,3歳未勝利,2026/01/05,5,16,テスタヴェローチェ,5-7-5-5,39.0,8.0,0,False,False,False
202608010202,3歳未勝利,2026/01/05,6,4,クボウサマ,12-13-12-10,38.8,255.1,0,False,False,False
202608010202,3歳未勝利,2026/01/05,7,11,ガウラディスコ,3-3-5-5,40.1,4.3,0,False,True,False
202608010202,3歳未勝利,2026/01/05,8,7,ニミッツハイウェイ,16-16-16-15,38.7,401.5,0,True,False,False
202608010202,3歳未勝利,2026/01/05,9,10,トコトコクマチ,14-15-13-12,39.3,209.1,0,True,False,False
202608010202,3歳未勝利,2026/01/05,10,6,アルダ,2-2-2-2,40.7,15.3,0,True,False,False
202608010202,3歳未勝利,2026/01/05,11,15,カレンショー,3-3-3-3,40.7,101.1,0,False,False,False
202608010202,3歳未勝利,2026/01/05,12,1,ツーエムアスリート,12-11-10-10,39.9,79.6,0,False,False,False
202608010202,3歳未勝利,2026/01/05,13,13,トゥレネヴェリテ,11-11-15-15,40.0,28.6,0,False,True,False
202608010202,3歳未勝利,2026/01/05,14,2,メイショウハチマキ,5-3-5-5,41.3,93.9,0,True,False,False
202608010202,3歳未勝利,2026/01/05,15,14,アクティブヘイロー,8-8-8-9,41.0,139.0,0,True,False,False
202608010202,3歳未勝利,2026/01/05,16,12,ベジョータ,8-8-10-12,42.9,254.1,0,True,False,False
202608010203,3歳新馬,2026/01/05,1,1,マナボニート,1-1,37.4,4.1,140,False,False,False
202608010203,3歳新馬,2026/01/05,2,8,ウェルカムソング,4-4,37.0,1.8,110,False,False,False
202608010203,3歳新馬,2026/01/05,3,2,サウンドジュテ,2-2,37.8,13.5,220,False,False,False
202608010203,3歳新馬,2026/01/05,4,3,ローメット,3-3,38.2,12.1,0,False,False,False
202608010203,3歳新馬,2026/01/05,5,13,スマートレイナ,13-12,36.2,8.7,0,False,False,False
202608010203,3歳新馬,2026/01/05,6,6,タイセイフリーデン,8-6,36.9,30.5,0,False,False,False
202608010203,3歳新馬,2026/01/05,7,9,モンターニュドネガ,6-6,37.4,80.5,0,False,False,False
202608010203,3歳新馬,2026/01/05,8,12,ハギノクリーガー,14-14,36.8,137.0,0,False,False,False
202608010203,3歳新馬,2026/01/05,9,7,ガビーズデトワール,10-9,37.5,16.9,0,False,False,False
202608010203,3歳新馬,2026/01/05,10,5,マルカスマッシュ,5-5,38.9,89.8,0,False,False,False
202608010203,3歳新馬,2026/01/05,11,4,ウルダ,8-9,38.0,115.6,0,False,False,False
202608010203,3歳新馬,2026/01/05,12,14,サンミスメロディ,10-12,38.1,116.5,0,False,False,False
202608010203,3歳新馬,2026/01/05,13,11,エンドレスクライ,10-9,38.2,20.4,0,False,False,False
202608010203,3歳新馬,2026/01/05,14,10,ヤスナ,6-6,39.8,106.5,0,False,False,False
202608010204,3歳1勝クラス,2026/01/05,1,9,テイエムサンレーヴ,11-11-11-11,35.8,7.8,230,False,False,False
202608010204,3歳1勝クラス,2026/01/05,2,8,メルカントゥール,5-5-4-4,36.5,4.3,210,True,True,True
202608010204,3歳1勝クラス,2026/01/05,3,5,ケンタッキーホーム,8-7-9-9,36.7,15.2,380,False,False,False
202608010204,3歳1勝クラス,2026/01/05,4,10,スカイストライプス,6-7-8-7,37.0,2.2,0,True,True,True
202608010204,3歳1勝クラス,2026/01/05,5,11,シーズザスローン,9-9-9-9,37.0,3.8,0,False,True,False
202608010204,3歳1勝クラス,2026/01/05,6,2,リヒトミューレ,6-5-4-4,37.7,37.3,0,True,False,False
202608010204,3歳1勝クラス,2026/01/05,7,3,ディーリライズ,4-4-4-4,38.4,49.9,0,True,False,False
202608010204,3歳1勝クラス,2026/01/05,8,6,ヘルメスギャング,3-2-2-2,38.7,53.9,0,True,False,False
202608010204,3歳1勝クラス,2026/01/05,9,7,デールエルバハリ,9-9-4-7,38.7,198.6,0,True,False,False
202608010204,3歳1勝クラス,2026/01/05,10,4,オラヴィンリンナ,2-2-2-1,40.2,26.5,0,False,True,False
202608010204,3歳1勝クラス,2026/01/05,11,1,リピース,1-1-1-2,40.6,163.3,0,True,False,False
202608010205,3歳未勝利,2026/01/05,1,2,タガノアルトゥーラ,9-8-7-7,35.4,3.3,140,False,True,False
202608010205,3歳未勝利,2026/01/05,2,10,オンザムービー,2-2-2-2,36.0,145.8,1710,False,True,False
202608010205,3歳未勝利,2026/01/05,3,15,アルペングロー,2-3-3-3,36.1,3.6,150,False,True,False
202608010205,3歳未勝利,2026/01/05,4,8,グリーンゴー,5-4-4-3,36.0,4.6,0,False,False,False
202608010205,3歳未勝利,2026/01/05,5,13,インナーヴォイス,13-14-14-14,35.5,9.3,0,False,False,False
202608010205,3歳未勝利,2026/01/05,6,17,コスモブラック,16-16-16-16,35.2,13.1,0,False,False,False
202608010205,3歳未勝利,2026/01/05,7,1,マイネルシュラハト,9-8-7-8,36.0,270.3,0,False,False,False
202608010205,3歳未勝利,2026/01/05,8,16,サイモンシャリオ,4-4-4-3,36.3,12.0,0,True,True,True
202608010205,3歳未勝利,2026/01/05,9,5,ヨッシーリオ,1-1-1-1,36.7,52.6,0,False,False,False
202608010205,3歳未勝利,2026/01/05,10,11,マーズローバー,15-11-11-12,36.2,119.2,0,False,False,False
202608010205,3歳未勝利,2026/01/05,11,7,ショウナンカルメラ,12-11-11-10,36.3,72.6,0,False,True,False
202608010205,3歳未勝利,2026/01/05,12,12,アウェイクネス,8-10-10-10,36.5,63.1,0,False,False,False
202608010205,3歳未勝利,2026/01/05,13,9,アメジストロード,13-14-14-14,36.2,198.9,0,False,False,False
202608010205,3歳未勝利,2026/01/05,14,4,ノートルダム,17-16-16-16,36.0,65.8,0,False,False,False
202608010205,3歳未勝利,2026/01/05,15,3,マサノハヤブサ,5-4-4-3,37.0,364.5,0,False,False,False
202608010205,3歳未勝利,2026/01/05,16,14,コスモグロボーサ,9-11-11-12,37.1,350.1,0,True,False,False
202608010205,3歳未勝利,2026/01/05,17,6,コティノス,5-4-7-8,43.3,9.4,0,False,False,False
202608010206,3歳未勝利,2026/01/05,1,6,ベルサンローラン,3-2,35.4,17.5,360,True,False,False
202608010206,3歳未勝利,2026/01/05,2,3,エアヴァイブス,4-6,35.3,17.5,530,True,False,False
202608010206,3歳未勝利,2026/01/05,3,11,テーオーカイザー,4-5,35.5,3.4,160,True,True,True
202608010206,3歳未勝利,2026/01/05,4,12,リアンマヒナ,7-7,35.2,3.3,0,False,False,False
202608010206,3歳未勝利,2026/01/05,5,2,カルロット,14-14,34.5,4.0,0,False,False,False
202608010206,3歳未勝利,2026/01/05,6,4,ヒバリノコ,4-4,35.7,91.7,0,True,True,True
202608010206,3歳未勝利,2026/01/05,7,14,メイショウケンゴウ,7-7,35.4,224.6,0,True,False,False
202608010206,3歳未勝利,2026/01/05,8,13,ジーティーアリア,7-7,35.7,13.8,0,False,False,False
202608010206,3歳未勝利,2026/01/05,9,8,エンジェルボイス,10-10,35.4,27.7,0,False,False,False
202608010206,3歳未勝利,2026/01/05,10,5,チュウワメロディー,1-1,36.5,6.8,0,False,False,False
202608010206,3歳未勝利,2026/01/05,11,15,シンゼンイセ,10-10,35.8,134.7,0,False,False,False
202608010206,3歳未勝利,2026/01/05,12,7,ギフテッドスペック,10-10,36.5,72.0,0,False,False,False
202608010206,3歳未勝利,2026/01/05,13,9,マテンロウブリッジ,10-13,36.7,104.8,0,False,False,False
202608010206,3歳未勝利,2026/01/05,14,1,ジェイパック,2-2,38.8,174.1,0,True,False,False
202608010206,3歳未勝利,2026/01/05,除,10,テイエムプレミラン,,,---,0,True,False,False
202608010207,4歳以上1勝クラス,2026/01/05,1,13,ルクスフレンジー,8-8-9-7,37.0,99.7,2000,True,False,False
202608010207,4歳以上1勝クラス,2026/01/05,2,10,ハイクオリティ,1-1-1-1,38.5,6.7,310,False,False,False
202608010207,4歳以上1勝クラス,2026/01/05,3,9,アークドール,13-13-14-9,37.1,15.2,330,False,False,False
202608010207,4歳以上1勝クラス,2026/01/05,4,3,アスクガンバーレ,15-14-15-13,37.4,5.8,0,False,True,False
202608010207,4歳以上1勝クラス,2026/01/05,5,2,エンマ,14-14-6-3,38.5,40.0,0,False,False,False
202608010207,4歳以上1勝クラス,2026/01/05,6,5,トモジャザーン,10-10-11-10,38.2,8.0,0,True,True,True
202608010207,4歳以上1勝クラス,2026/01/05,7,8,モズプリヴェール,11-11-11-10,38.4,32.0,0,False,False,False
202608010207,4歳以上1勝クラス,2026/01/05,8,14,サラコスティ,7-7-6-7,39.0,18.4,0,False,False,False
202608010207,4歳以上1勝クラス,2026/01/05,9,1,エコロスパーダ,2-2-3-2,39.6,3.0,0,False,True,False
202608010207,4歳以上1勝クラス,2026/01/05,10,7,ララマルシュドロワ,12-12-11-13,39.0,95.3,0,False,False,False
202608010207,4歳以上1勝クラス,2026/01/05,11,11,ワイドクリーガー,6-5-6-3,40.1,28.1,0,False,True,False
202608010207,4歳以上1勝クラス,2026/01/05,12,6,ジーティーパワー,8-8-9-10,40.0,42.6,0,True,False,False
202608010207,4歳以上1勝クラス,2026/01/05,13,15,ステイクオール,5-5-4-3,41.3,6.0,0,False,False,False
202608010207,4歳以上1勝クラス,2026/01/05,14,4,ジョードリウム,2-2-2-3,42.4,18.5,0,False,False,False
202608010207,4歳以上1勝クラス,2026/01/05,中,12,プロスペクト,4-4-4-15,,160.5,0,False,False,False
202608010208,4歳以上2勝クラス,2026/01/05,1,6,イリフィ,8-7,36.0,5.7,180,False,False,False
202608010208,4歳以上2勝クラス,2026/01/05,2,14,ヴリトラハン,5-2,36.4,6.4,220,False,True,False
202608010208,4歳以上2勝クラス,2026/01/05,3,15,スペシャルナンバー,5-2,36.4,8.4,220,False,True,False
202608010208,4歳以上2勝クラス,2026/01/05,4,11,ミッキーマカパ,1-1,36.9,12.5,0,False,False,False
202608010208,4歳以上2勝クラス,2026/01/05,5,9,プレアデスグループ,8-7,36.4,8.2,0,False,False,False
202608010208,4歳以上2勝クラス,2026/01/05,6,13,フェリ,14-11,35.8,153.8,0,True,False,False
202608010208,4歳以上2勝クラス,2026/01/05,7,4,フェデラー,11-10,36.3,4.2,0,False,True,False
202608010208,4歳以上2勝クラス,2026/01/05,8,7,ストラテージュ,4-5,37.2,55.0,0,False,True,False
202608010208,4歳以上2勝クラス,2026/01/05,9,5,マイネルフォーコン,11-11,36.6,32.3,0,False,False,False
202608010208,4歳以上2勝クラス,2026/01/05,10,12,エンプレスペイ,15-13,36.4,126.0,0,False,False,False
202608010208,4歳以上2勝クラス,2026/01/05,11,8,ノビル,8-9,37.7,85.6,0,False,True,False
202608010208,4歳以上2勝クラス,2026/01/05,12,3,カワキタマナレア,11-13,37.4,11.9,0,True,False,False
202608010208,4歳以上2勝クラス,2026/01/05,13,2,プロテア,2-2,38.3,72.9,0,False,False,False
202608010208,4歳以上2勝クラス,2026/01/05,14,10,ペプチドクレマチス,2-5,40.0,29.4,0,False,False,False
202608010208,4歳以上2勝クラス,2026/01/05,15,1,エコロネオ,5-13,40.0,6.1,0,False,False,False
202608010209,逢坂山特別(2勝),2026/01/05,1,3,チェルノボーグ,4-4,35.3,12.1,220,True,False,False
202608010209,逢坂山特別(2勝),2026/01/05,2,4,ナイトスラッガー,8-8,35.2,5.2,160,False,True,False
202608010209,逢坂山特別(2勝),2026/01/05,3,6,レディーミコノス,4-4,35.4,2.7,130,True,True,True
202608010209,逢坂山特別(2勝),2026/01/05,4,1,コスモアンソロジー,4-4,35.7,14.9,0,True,False,False
202608010209,逢坂山特別(2勝),2026/01/05,5,8,ウォータークラーク,9-8,35.5,4.4,0,False,True,False
202608010209,逢坂山特別(2勝),2026/01/05,6,2,ザブライド,2-2,36.3,37.5,0,True,False,False
202608010209,逢坂山特別(2勝),2026/01/05,7,11,レッセパッセ,2-2,36.6,34.7,0,False,True,False
202608010209,逢坂山特別(2勝),2026/01/05,8,10,モアリジット,1-1,37.0,64.2,0,True,False,False
202608010209,逢坂山特別(2勝),2026/01/05,9,7,ガストン,9-10,36.2,180.0,0,False,False,False
202608010209,逢坂山特別(2勝),2026/01/05,10,5,ミカエルパシャ,9-10,36.8,15.7,0,False,False,False
202608010209,逢坂山特別(2勝),2026/01/05,11,9,ウィルサヴァイブ,4-4,37.3,5.5,0,False,False,False
202608010210,門松ステークス(3勝),2026/01/05,1,11,ヒルノドゴール,11-9,35.1,12.2,200,False,False,False
202608010210,門松ステークス(3勝),2026/01/05,2,12,ルディック,5-4,35.9,4.6,130,True,False,False
202608010210,門松ステークス(3勝),2026/01/05,3,14,ゼットエール,3-3,36.4,1.7,110,False,True,False
202608010210,門松ステークス(3勝),2026/01/05,4,6,エンヤラヴフェイス,12-12,35.2,29.5,0,False,True,False
202608010210,門松ステークス(3勝),2026/01/05,5,8,ショウナンアビアス,7-7,36.1,9.8,0,True,False,False
202608010210,門松ステークス(3勝),2026/01/05,6,13,メイショウヤーキス,7-7,36.2,42.0,0,False,False,False
202608010210,門松ステークス(3勝),2026/01/05,7,7,パドマ,9-9,36.0,23.2,0,False,False,False
202608010210,門松ステークス(3勝),2026/01/05,8,9,タカネノハナコサン,1-1,37.3,19.2,0,False,False,False
202608010210,門松ステークス(3勝),2026/01/05,9,16,ウナギノボリ,16-14,35.7,87.5,0,False,False,False
202608010210,門松ステークス(3勝),2026/01/05,10,3,ツークフォーゲル,14-14,35.9,85.9,0,False,False,False
202608010210,門松ステークス(3勝),2026/01/05,11,15,メイショウタイゲイ,14-16,35.9,113.2,0,True,False,False
202608010210,門松ステークス(3勝),2026/01/05,12,5,ペイシャモノノフ,9-9,37.0,256.8,0,False,False,False
202608010210,門松ステークス(3勝),2026/01/05,13,2,ナスノカンゲツ,12-12,36.9,247.2,0,False,False,False
202608010210,門松ステークス(3勝),2026/01/05,14,1,テイエムタリスマ,6-4,37.8,135.4,0,True,False,False
202608010210,門松ステークス(3勝),2026/01/05,15,4,ジェネラーレ,2-2,38.5,13.5,0,True,False,False
202608010210,門松ステークス(3勝),2026/01/05,16,10,イミュータブル,3-4,40.1,124.3,0,True,False,False
202608010211,万葉ステークス(OP),2026/01/05,1,5,アクアヴァーナル,2-2-2-2,33.8,2.3,110,True,False,False
202608010211,万葉ステークス(OP),2026/01/05,2,9,ヴォランテ,5-5-3-3,33.8,4.7,130,False,True,False
202608010211,万葉ステークス(OP),2026/01/05,3,2,ブレイヴロッカー,3-3-3-3,34.6,3.8,120,False,False,False
202608010211,万葉ステークス(OP),2026/01/05,4,7,ミクソロジー,1-1-1-1,35.1,26.1,0,False,False,False
202608010211,万葉ステークス(OP),2026/01/05,5,6,ダンディズム,7-7-6-5,34.3,32.4,0,False,True,False
202608010211,万葉ステークス(OP),2026/01/05,6,3,アスクドゥポルテ,9-9-9-9,34.0,12.7,0,False,True,False
202608010211,万葉ステークス(OP),2026/01/05,7,4,メイショウブレゲ,7-7-6-7,34.3,7.9,0,False,False,False
202608010211,万葉ステークス(OP),2026/01/05,8,8,ペプチドソレイユ,5-6-6-6,35.2,48.2,0,False,False,False
202608010211,万葉ステークス(OP),2026/01/05,9,1,ウェイビー,3-3-3-7,36.2,15.5,0,True,False,False
202608010212,4歳以上1勝クラス,2026/01/05,1,11,サンタンカ,10-8,33.5,3.3,140,False,True,False
202608010212,4歳以上1勝クラス,2026/01/05,2,10,レッドフェルメール,2-2,34.0,2.8,130,True,False,False
202608010212,4歳以上1勝クラス,2026/01/05,3,9,ニシノイツキムスメ,5-5,33.8,19.3,320,False,False,False
202608010212,4歳以上1勝クラス,2026/01/05,4,8,ムーンライトラガー,13-10,33.5,42.5,0,True,False,False
202608010212,4歳以上1勝クラス,2026/01/05,5,4,ピエタンツァ,14-14,33.4,7.4,0,False,True,False
202608010212,4歳以上1勝クラス,2026/01/05,6,7,ベイリークロア,7-10,34.0,7.3,0,True,False,False
202608010212,4歳以上1勝クラス,2026/01/05,7,15,ショウナンラウール,7-5,34.4,23.9,0,False,True,False
202608010212,4歳以上1勝クラス,2026/01/05,8,14,カウンティフェア,3-2,34.4,17.4,0,False,False,False
202608010212,4歳以上1勝クラス,2026/01/05,9,5,サリーチェ,3-5,34.6,24.3,0,False,False,False
202608010212,4歳以上1勝クラス,2026/01/05,10,2,リアルフォルゴーレ,11-12,34.1,22.0,0,True,False,False
202608010212,4歳以上1勝クラス,2026/01/05,11,6,メイショウタクボク,11-12,34.0,104.3,0,False,False,False
202608010212,4歳以上1勝クラス,2026/01/05,12,3,ランスオブプライム,1-1,35.0,167.7,0,False,False,False
202608010212,4歳以上1勝クラス,2026/01/05,13,13,ビーグラッド,6-2,34.9,64.8,0,False,False,False
202608010212,4歳以上1勝クラス,2026/01/05,14,1,ロンティケチャップ,7-9,34.9,40.7,0,False,False,False
202608010212,4歳以上1勝クラス,2026/01/05,15,12,テンクウハット,15-15,34.0,117.9,0,False,True,False
202608010301,3歳未勝利,2026/01/10,1,6,クイーンズドリーム,5-3-3-3,37.8,3.4,110,True,True,True
202608010301,3歳未勝利,2026/01/10,2,3,ジーティービキニ,1-1-1-1,38.6,1.5,110,False,True,False
202608010301,3歳未勝利,2026/01/10,3,16,ホールドミーワンス,2-2-2-2,38.8,15.0,200,True,False,False
202608010301,3歳未勝利,2026/01/10,4,11,セラサイト,9-8-7-6,38.8,35.1,0,False,False,False
202608010301,3歳未勝利,2026/01/10,5,13,レザーアンドレース,12-11-13-10,38.4,215.7,0,False,True,False
202608010301,3歳未勝利,2026/01/10,6,9,メイショウメゴヒメ,6-5-5-3,39.3,209.7,0,False,False,False
202608010301,3歳未勝利,2026/01/10,7,2,アスタウイン,10-8-9-7,38.9,221.2,0,False,False,False
202608010301,3歳未勝利,2026/01/10,8,14,リリークリスタル,15-15-15-16,39.1,102.1,0,False,True,False
202608010301,3歳未勝利,2026/01/10,9,1,ヴァンロゼ,13-13-9-7,39.7,75.8,0,False,False,False
202608010301,3歳未勝利,2026/01/10,10,4,ワンストローク,15-15-15-14,39.8,173.8,0,False,False,False
202608010301,3歳未勝利,2026/01/10,11,7,デパーチャー,3-5-7-10,40.3,250.4,0,True,False,False
202608010301,3歳未勝利,2026/01/10,12,15,ミライチケット,10-11-3-5,40.9,13.4,0,False,False,False
202608010301,3歳未勝利,2026/01/10,13,12,アスターシャウルス,14-14-13-12,39.9,257.2,0,True,False,False
202608010301,3歳未勝利,2026/01/10,14,8,カワキタベレッタ,6-5-9-14,40.4,148.2,0,False,False,False
202608010301,3歳未勝利,2026/01/10,15,5,オレンジフィールド,3-3-5-7,40.9,15.2,0,False,False,False
202608010301,3歳未勝利,2026/01/10,16,10,ハンターワディー,6-8-9-12,42.0,80.7,0,False,False,False
202608010302,3歳未勝利,2026/01/10,1,14,セイントホース,9-10-6-6,37.6,3.3,130,False,True,False
202608010302,3歳未勝利,2026/01/10,2,12,ロックバンド,4-4-4-4,38.1,4.1,120,False,True,False
202608010302,3歳未勝利,2026/01/10,3,2,ドメイン,2-2-2-2,38.4,4.4,130,False,True,False
202608010302,3歳未勝利,2026/01/10,4,1,タロ,1-1-1-1,38.8,11.7,0,False,False,False
202608010302,3歳未勝利,2026/01/10,5,6,ウォーターハクビ,6-5-6-6,38.1,58.5,0,False,False,False
202608010302,3歳未勝利,2026/01/10,6,10,シャローファースト,8-8-4-4,38.3,15.3,0,False,False,False
202608010302,3歳未勝利,2026/01/10,7,13,ハクアイタワー,2-3-2-2,39.3,22.6,0,True,False,False
202608010302,3歳未勝利,2026/01/10,8,11,ポップアップ,11-10-10-11,38.5,62.2,0,True,False,False
202608010302,3歳未勝利,2026/01/10,9,5,クリムゾンバースト,9-8-10-9,38.6,6.6,0,False,False,False
202608010302,3歳未勝利,2026/01/10,10,9,サイモンエクセラー,5-5-6-9,38.7,36.6,0,True,False,False
202608010302,3歳未勝利,2026/01/10,11,3,スズノグレイス,13-13-12-12,38.2,128.2,0,True,False,False
202608010302,3歳未勝利,2026/01/10,12,8,ヒロノフウジン,14-14-13-13,38.2,252.7,0,False,False,False
202608010302,3歳未勝利,2026/01/10,13,4,ヴァルボリ,6-5-6-8,40.7,18.1,0,True,False,False
202608010302,3歳未勝利,2026/01/10,14,7,カイラーサ,12-12-13-14,40.6,91.1,0,False,False,False
202608010303,3歳新馬,2026/01/10,1,2,ビービークローサー,5-5,36.5,3.0,140,False,False,False
202608010303,3歳新馬,2026/01/10,2,4,ワイドグンサ,2-2,37.0,6.4,190,False,False,False
202608010303,3歳新馬,2026/01/10,3,3,セッシュウ,3-3,37.0,81.5,1280,False,False,False
202608010303,3歳新馬,2026/01/10,4,13,オウケンブラッド,3-3,37.4,50.2,0,False,False,False
202608010303,3歳新馬,2026/01/10,5,1,ホーリーステップ,1-1,37.8,3.1,0,False,False,False
202608010303,3歳新馬,2026/01/10,6,9,ニホンピロローカス,7-8,37.4,63.2,0,False,False,False
202608010303,3歳新馬,2026/01/10,7,12,マカラス,12-11,37.1,32.7,0,False,False,False
202608010303,3歳新馬,2026/01/10,8,5,ララアルカー,7-6,37.9,21.2,0,False,False,False
202608010303,3歳新馬,2026/01/10,9,11,メイショウゲッコウ,13-13,36.8,28.4,0,False,False,False
202608010303,3歳新馬,2026/01/10,10,8,タワーオブバベル,9-8,38.0,23.8,0,False,False,False
202608010303,3歳新馬,2026/01/10,11,7,ルナノーヴァ,9-8,38.1,8.0,0,False,False,False
202608010303,3歳新馬,2026/01/10,12,10,シンゲキノソラ,11-11,38.3,119.4,0,False,False,False
202608010303,3歳新馬,2026/01/10,13,6,ビーアイジーニー,13-14,39.3,54.7,0,False,False,False
202608010303,3歳新馬,2026/01/10,14,16,バッカス,15-15,39.1,56.8,0,False,False,False
202608010303,3歳新馬,2026/01/10,15,14,スマイリングスカイ,5-6,41.1,15.7,0,False,False,False
202608010303,3歳新馬,2026/01/10,16,15,テーオーユリウス,16-16,39.3,100.9,0,False,False,False
202608010304,3歳1勝クラス,2026/01/10,1,5,タガノアバンドーネ,2-2-2-1,36.4,5.9,140,False,False,False
202608010304,3歳1勝クラス,2026/01/10,2,3,シルバーレシオ,4-3-5-5,36.1,4.6,140,False,False,False
202608010304,3歳1勝クラス,2026/01/10,3,6,ボクマダネムイヨ,9-9-7-2,36.5,2.3,110,False,True,False
202608010304,3歳1勝クラス,2026/01/10,4,10,カムアップローゼス,10-10-10-8,36.3,32.1,0,False,False,False
202608010304,3歳1勝クラス,2026/01/10,5,2,ソルチェリア,4-3-3-5,36.9,10.7,0,True,True,True
202608010304,3歳1勝クラス,2026/01/10,6,7,サイン,4-3-7-8,36.5,37.1,0,False,True,False
202608010304,3歳1勝クラス,2026/01/10,7,8,クラックショット,4-7-5-2,37.1,40.8,0,False,True,False
202608010304,3歳1勝クラス,2026/01/10,8,11,バトゥカーダ,8-8-7-10,37.1,136.3,0,False,True,False
202608010304,3歳1勝クラス,2026/01/10,9,4,サリカリーフォリア,1-1-1-5,38.6,138.3,0,False,True,False
202608010304,3歳1勝クラス,2026/01/10,10,9,インシオン,2-3-3-4,38.5,28.0,0,True,True,True
202608010304,3歳1勝クラス,2026/01/10,11,1,ジャスティンダラス,11-11-11-11,38.6,4.6,0,False,True,False
202608010305,3歳未勝利,2026/01/10,1,6,ダンデノン,1-1,35.6,22.8,610,True,False,False
202608010305,3歳未勝利,2026/01/10,2,11,ハヤブササキチャン,7-6,35.4,12.3,320,False,False,False
202608010305,3歳未勝利,2026/01/10,3,2,ロサドラーダ,12-13,35.2,3.9,200,False,True,False
202608010305,3歳未勝利,2026/01/10,4,1,リアライズルミナス,8-9,35.5,2.6,0,True,True,True
202608010305,3歳未勝利,2026/01/10,5,12,コールラヴ,4-3,35.8,15.1,0,True,True,True
202608010305,3歳未勝利,2026/01/10,6,15,アオイハルカ,8-6,35.7,31.4,0,False,False,False
202608010305,3歳未勝利,2026/01/10,7,9,スマッシング,2-2,36.2,4.3,0,False,True,False
202608010305,3歳未勝利,2026/01/10,8,4,プルーフリーディン,12-13,35.6,116.0,0,False,True,False
202608010305,3歳未勝利,2026/01/10,9,17,フィデリス,14-15,35.5,278.9,0,False,False,False
202608010305,3歳未勝利,2026/01/10,10,3,グレンセロース,4-3,36.3,40.1,0,True,False,False
202608010305,3歳未勝利,2026/01/10,11,13,ミスティパープル,8-9,36.3,143.3,0,True,False,False
202608010305,3歳未勝利,2026/01/10,12,10,マサハヤルージュ,3-3,37.1,44.1,0,False,False,False
202608010305,3歳未勝利,2026/01/10,13,8,マルモズイルバア,16-16,36.2,499.7,0,False,False,False
202608010305,3歳未勝利,2026/01/10,14,14,リトゥリア,14-11,36.6,83.9,0,False,True,False
202608010305,3歳未勝利,2026/01/10,15,7,ノリノリソックス,4-6,38.2,90.8,0,False,False,False
202608010305,3歳未勝利,2026/01/10,16,5,サンダーバード,8-11,38.4,14.8,0,False,False,False
202608010305,3歳未勝利,2026/01/10,17,16,シークレット,18-18,37.6,338.6,0,False,False,False
202608010305,3歳未勝利,2026/01/10,18,18,ビケイムフリー,16-16,38.0,172.4,0,False,False,False
202608010306,3歳未勝利,2026/01/10,1,6,ガウディ,7-8-7-6,35.0,6.2,190,True,False,False
202608010306,3歳未勝利,2026/01/10,2,13,カモンメーン,7-6-4-4,35.4,6.2,220,False,True,False
202608010306,3歳未勝利,2026/01/10,3,14,レッドラージャ,3-3-3-1,36.0,4.3,200,False,False,False
202608010306,3歳未勝利,2026/01/10,4,7,ゴールドアクセス,13-12-11-10,35.2,5.8,0,False,True,False
202608010306,3歳未勝利,2026/01/10,5,11,パーヴォ,18-18-13-13,35.2,5.8,0,False,True,False
202608010306,3歳未勝利,2026/01/10,6,17,ジェラルリスト,10-10-7-6,35.7,114.8,0,True,False,False
202608010306,3歳未勝利,2026/01/10,7,10,フローマジック,6-6-7-6,35.6,12.2,0,False,False,False
202608010306,3歳未勝利,2026/01/10,8,18,ボンボンベイビー,2-2-2-2,36.8,15.7,0,False,True,False
202608010306,3歳未勝利,2026/01/10,9,4,フクチャンブラック,16-16-17-17,35.6,69.8,0,True,False,False
202608010306,3歳未勝利,2026/01/10,10,16,ヒラボクソライア,4-4-4-6,36.6,38.9,0,False,False,False
202608010306,3歳未勝利,2026/01/10,11,5,カパルア,4-4-4-4,37.0,151.7,0,False,False,False
202608010306,3歳未勝利,2026/01/10,12,3,フォーシーファイン,13-12-11-10,37.0,17.4,0,True,False,False
202608010306,3歳未勝利,2026/01/10,13,1,ベラジオマーカス,10-10-7-10,37.1,181.2,0,True,False,False
202608010306,3歳未勝利,2026/01/10,14,15,ミカレオス,9-8-13-14,37.1,411.0,0,True,False,False
202608010306,3歳未勝利,2026/01/10,15,12,レグラヴィエール,15-15-16-14,37.2,165.4,0,False,False,False
202608010306,3歳未勝利,2026/01/10,16,9,ウインビスタ,1-1-1-2,38.8,134.3,0,True,False,False
202608010306,3歳未勝利,2026/01/10,17,8,ハクアイノアール,12-12-13-14,38.2,17.8,0,False,True,False
202608010306,3歳未勝利,2026/01/10,18,2,ラッキーダイヤ,16-17-18-18,39.2,44.6,0,False,False,False
202608010307,4歳以上1勝クラス,2026/01/10,1,9,ベンダバール,14-13,35.4,17.3,500,False,True,False
202608010307,4歳以上1勝クラス,2026/01/10,2,4,メイショウハッブル,4-2,36.6,153.0,2510,False,False,False
202608010307,4歳以上1勝クラス,2026/01/10,3,11,フェゲフォイア,9-7,36.2,84.9,1540,False,False,False
202608010307,4歳以上1勝クラス,2026/01/10,4,10,モカラマーズ,13-13,36.0,8.3,0,False,False,False
202608010307,4歳以上1勝クラス,2026/01/10,5,14,タイセイブロウ,9-10,36.3,7.5,0,False,True,False
202608010307,4歳以上1勝クラス,2026/01/10,6,7,ジーティーエスピ,4-5,36.8,3.8,0,True,False,False
202608010307,4歳以上1勝クラス,2026/01/10,7,6,レザンクレール,11-11,36.6,170.6,0,True,False,False
202608010307,4歳以上1勝クラス,2026/01/10,8,15,クリノミニスター,11-11,36.7,30.2,0,False,True,False
202608010307,4歳以上1勝クラス,2026/01/10,9,1,ヒラボクカレラ,1-1,37.7,5.7,0,False,False,False
202608010307,4歳以上1勝クラス,2026/01/10,10,12,マジカルシャイン,6-7,37.3,13.1,0,False,False,False
202608010307,4歳以上1勝クラス,2026/01/10,11,8,デボラ,6-5,37.9,35.3,0,True,False,False
202608010307,4歳以上1勝クラス,2026/01/10,12,13,ケイアイマウンガ,8-7,37.7,3.9,0,False,False,False
202608010307,4歳以上1勝クラス,2026/01/10,13,3,アーロッタレット,2-2,38.4,61.9,0,False,True,False
202608010307,4歳以上1勝クラス,2026/01/10,14,5,アーバンエア,2-2,39.4,150.4,0,False,False,False
202608010307,4歳以上1勝クラス,2026/01/10,中,2,ミルミナーヴァ,,,14.3,0,False,False,False
202608010308,牛若丸ジャンプS(OP),2026/01/10,1,5,シホノスペランツァ,2-2-2-2,13.6,4.8,120,False,True,False
202608010308,牛若丸ジャンプS(OP),2026/01/10,2,1,インディゴブラック,1-1-1-1,13.6,2.9,110,False,True,False
202608010308,牛若丸ジャンプS(OP),2026/01/10,3,2,レッドバロッサ,7-7-6-6,13.6,2.6,110,True,True,True
202608010308,牛若丸ジャンプS(OP),2026/01/10,4,4,ホウオウプレシャス,4-4-4-3,13.7,13.7,0,True,True,True
202608010308,牛若丸ジャンプS(OP),2026/01/10,5,6,ヴラディア,6-6-5-5,13.7,126.6,0,True,False,False
202608010308,牛若丸ジャンプS(OP),2026/01/10,6,3,ヴィンテージボンド,7-7-6-7,13.7,13.6,0,True,False,False
202608010308,牛若丸ジャンプS(OP),2026/01/10,7,10,フームスムート,5-5-8-8,13.8,30.7,0,False,False,False
202608010308,牛若丸ジャンプS(OP),2026/01/10,8,9,フェーングロッテン,2-2-3-4,13.8,24.0,0,False,True,False
202608010308,牛若丸ジャンプS(OP),2026/01/10,9,8,ジオフロント,11-11-10-10,13.9,17.9,0,True,True,True
202608010308,牛若丸ジャンプS(OP),2026/01/10,10,11,ダイシンクローバー,10-9-9-9,14.0,120.2,0,True,False,False
202608010308,牛若丸ジャンプS(OP),2026/01/10,中,7,ウン,7-10-11,,28.3,0,True,True,True
202608010309,出町特別(2勝),2026/01/10,1,4,モズカトレア,1-1-1-1,37.5,1.3,110,False,False,False
202608010309,出町特別(2勝),2026/01/10,2,6,ステアハート,7-6-6-7,37.7,4.4,130,False,True,False
202608010309,出町特別(2勝),2026/01/10,3,3,ラヴァブル,5-6-8-8,37.5,37.8,270,False,False,False
202608010309,出町特別(2勝),2026/01/10,4,8,ユウェンタース,5-5-6-5,37.9,9.9,0,False,False,False
202608010309,出町特別(2勝),2026/01/10,5,2,サイモンコーラル,8-8-3-2,38.6,62.4,0,True,True,True
202608010309,出町特別(2勝),2026/01/10,6,1,ハリウッドパーク,2-2-2-2,38.9,24.9,0,False,True,False
202608010309,出町特別(2勝),2026/01/10,7,5,ルトゥール,3-3-3-2,38.8,9.1,0,True,False,False
202608010309,出町特別(2勝),2026/01/10,8,7,ブリーズオンチーク,3-3-3-5,40.3,51.6,0,False,False,False
